id,subreddit,title,body,full_text,score,num_comments,url,created_utc,category,engagement,is_genuine_pain_point,pain_point_summary,pain_category,target_user,emotional_intensity,urgency,frequency_signal,existing_solutions_mentioned,gap_in_existing_solutions,product_opportunity,monetization_angle,willingness_to_pay_signal,key_quote,wtp_score,engagement_score,opportunity_score
1t98ee9,Entrepreneur,How to offload sales? I hate it!,"I run a handful of tech companies.  Some local some cloud and they're all better than competitors, cheaper and everything else.  Once we retain customers they stay for life.    Also once I get my foot in the door i close basically everyone.  Almost all my business has been just word of mouth and its worked well for 15 years.  

The problem is I need to scale and haven't been able to sell.  I have everything completely built  and ready to scale 10x, whole infrastructure and everything just sitting idle.   I really need someone to work on commission and help ramp up sales, handle leads and just keep grinding.

Commission only is the best way as I need them to be hungry and work on their own,  I really need a sales entrepreneur.     They can easily make 6 figures and easily work remote.   I'm just unsure how to find someone or how to properly explain that its a legit opportunity. 

Also its a wide array of types of products, some a few bucks a month and others are tens of thousands a mont","How to offload sales? I hate it! I run a handful of tech companies.  Some local some cloud and they're all better than competitors, cheaper and everything else.  Once we retain customers they stay for life.    Also once I get my foot in the door i close basically everyone.  Almost all my business has been just word of mouth and its worked well for 15 years.  

The problem is I need to scale and haven't been able to sell.  I have everything completely built  and ready to scale 10x, whole infrastructure and everything just sitting idle.   I really need someone to work on commission and help ramp up sales, handle leads and just keep grinding.

Commission only is the best way as I need them to be hungry and work on their own,  I really need a sales entrepreneur.     They can easily make 6 figures and easily work remote.   I'm just unsure how to find someone or how to properly explain that its a legit opportunity. 

Also its a wide array of types of products, some a few bucks a month and others are tens of thousands a month.  My goal is for them to sell 500k+ a year in new sales and they'd net 150k+/year.    

Where's the best spot to find people like this?  I haven't really tried but it seems a bit hard to list",26,322,https://reddit.com/r/Entrepreneur/comments/1t98ee9/how_to_offload_sales_i_hate_it/,2026-05-10,hot,670,True,The user is struggling to scale their business due to inability to sell and offload sales tasks.,workflow,Solo SaaS founders and entrepreneurs,8,9,common,[],Lack of effective sales outsourcing or automation solutions,"A sales automation platform or outsourced sales service for entrepreneurs, allowing them to scale without directly handling sales tasks.",Commission-based sales services or subscription-based sales automation tools,high,I hate it!,7.5,6.7,7.8
1tbued8,delhi,Do People in This Country Still Not Realize That They Are Being Taken For a Ride?,"Do people themselves have no expectations out of their elected leaders?

1. You work 8 hours a day diligently and pay all your taxes honestly, but your colony does not even have a proper footpath for you to walk. Not only that, basic civic infrastructure is in complete ruins. You can quite possibly die today because you walked into some manhole on the road. 

2. Inflation has been increasing since the past decade, while wages have remained completely stagnant. 

3. The value of rupee is crashing. Your life savings and assets in INR are slowly losing their value, while the Government preaches you to cut out international travel and stop buying gold. 

4. Government exam delays and cancellations are becoming a norm. 

5. The courses taught by Government universities are outdated - a large number of graduates barely even have the skills that employers demand. 

6. Your investments in the stock market have taken a toll, not to forget that any kind of gain is also taxed heavily.   
  
7. Al","Do People in This Country Still Not Realize That They Are Being Taken For a Ride? Do people themselves have no expectations out of their elected leaders?

1. You work 8 hours a day diligently and pay all your taxes honestly, but your colony does not even have a proper footpath for you to walk. Not only that, basic civic infrastructure is in complete ruins. You can quite possibly die today because you walked into some manhole on the road. 

2. Inflation has been increasing since the past decade, while wages have remained completely stagnant. 

3. The value of rupee is crashing. Your life savings and assets in INR are slowly losing their value, while the Government preaches you to cut out international travel and stop buying gold. 

4. Government exam delays and cancellations are becoming a norm. 

5. The courses taught by Government universities are outdated - a large number of graduates barely even have the skills that employers demand. 

6. Your investments in the stock market have taken a toll, not to forget that any kind of gain is also taxed heavily.   
  
7. Alternative investments like VDAs and Gold is also now taxed heavily.   
  
8. The environment has degraded completely - you have to deal with extreme temperatures the entire year, and when you finally get some respite in winters, the pollution ends up killing you. Any kind of development that is undertaken, is so unplanned, that it ends up accelerating whatever respite the remaining greenery gave us. 

9. Your PM lo",558,64,https://reddit.com/r/delhi/comments/1tbued8/do_people_in_this_country_still_not_realize_that/,2026-05-13,hot,686,True,Lack of basic civic infrastructure and stagnant wages despite increasing inflation and taxes,other,Middle-class citizens and taxpayers,8,9,widespread,[],Effective governance and accountability from elected leaders,"A platform for citizens to track and report civic issues, and a tool for leaders to prioritize and address them",Subscription-based model for citizens and data analytics services for governments,medium,Die today because you walked into some manhole,5.0,6.86,7.22
1tcpu9h,SaaS,How we got our first 200 users without paid ads * NO UGC *,"**EDIT: \[ Too many of you guys are asking me for the tool , so i use SLIDETIK to make slides for my saas \]**



Few months ago i launched a small saas project with basically no audience

i thought the hardest part would be building the product

turns out distribution is 10x harder

I tried posting random product videos on tiktok line ""try this app ecc..""

completely dead

then one day i saw a random slideshow from another startup talking about their struggles getting users and the comments were full of founders relating to it

so i tested the same format

instead of talking about the product i made slideshows about:

* getting no users after weeks of coding
* refreshing stripe hoping someone subscribed
* shipping features nobody used
* trying to market with $0 budget

first few posts did decent

then one randomly hit hard and people started following just from that

after that we kept posting storytelling slideshows and slowly got our first 200 users without spending money on ads

th","How we got our first 200 users without paid ads * NO UGC * **EDIT: \[ Too many of you guys are asking me for the tool , so i use SLIDETIK to make slides for my saas \]**



Few months ago i launched a small saas project with basically no audience

i thought the hardest part would be building the product

turns out distribution is 10x harder

I tried posting random product videos on tiktok line ""try this app ecc..""

completely dead

then one day i saw a random slideshow from another startup talking about their struggles getting users and the comments were full of founders relating to it

so i tested the same format

instead of talking about the product i made slideshows about:

* getting no users after weeks of coding
* refreshing stripe hoping someone subscribed
* shipping features nobody used
* trying to market with $0 budget

first few posts did decent

then one randomly hit hard and people started following just from that

after that we kept posting storytelling slideshows and slowly got our first 200 users without spending money on ads

the funniest part is people started asking more about the slideshow structure itself than the actual product

now we basically have internal templates/frameworks for these posts because they work insanely well for engagement if done properly

Open for the comunity so if you guys need it i can send the template examples and also share my experience and maybe i can also get some suggestions from you guys :)",47,138,https://reddit.com/r/SaaS/comments/1tcpu9h/how_we_got_our_first_200_users_without_paid_ads/,2026-05-14,hot,323,True,Distribution is harder than building a product for SaaS founders,workflow,SaaS founders,8,9,common,"['SLIDETIK', 'TikTok']",Effective user acquisition strategies,"A user acquisition platform for SaaS founders, providing tailored distribution strategies",Subscription-based model with tiered pricing,high,distribution is 10x harder,7.5,3.23,6.93
1tcuhri,bangalore,"Paid ₹1,000 Bribe for Passport Police Verification","Today I had a frustrating experience during my passport verification process.

For the last 7 days, my passport application status was stuck at “Pending for physical police verification.” Since there was no update, I decided to visit the local police station to understand what was causing the delay.

I met the passport verification officer, and he asked me to return with all my documents. I went back with everything required and submitted the documents.

Instead of clearly telling me whether anything was missing, he said, “You are educated, right? Don’t you know how government work gets done?”

It was obvious what he was implying.

I asked him directly if any document was missing, but he kept repeating the same thing. Realizing he was expecting a bribe, I offered to pay via UPI because I wasn’t carrying cash. He refused and said he doesn’t use UPI.

I had to go to an ATM, withdraw cash, and eventually paid him ₹1,000.

Immediately after receiving the money, he said the verification was","Paid ₹1,000 Bribe for Passport Police Verification Today I had a frustrating experience during my passport verification process.

For the last 7 days, my passport application status was stuck at “Pending for physical police verification.” Since there was no update, I decided to visit the local police station to understand what was causing the delay.

I met the passport verification officer, and he asked me to return with all my documents. I went back with everything required and submitted the documents.

Instead of clearly telling me whether anything was missing, he said, “You are educated, right? Don’t you know how government work gets done?”

It was obvious what he was implying.

I asked him directly if any document was missing, but he kept repeating the same thing. Realizing he was expecting a bribe, I offered to pay via UPI because I wasn’t carrying cash. He refused and said he doesn’t use UPI.

I had to go to an ATM, withdraw cash, and eventually paid him ₹1,000.

Immediately after receiving the money, he said the verification was complete and that he would not even need to visit my home for address verification.

This is the unfortunate reality of corruption that ordinary citizens still face in India. Even for something as routine as passport verification, people are often forced to pay extra just to get their legitimate work done.

Has anyone else faced a similar experience during passport police verification?",127,77,https://reddit.com/r/bangalore/comments/1tcuhri/paid_1000_bribe_for_passport_police_verification/,2026-05-14,hot,281,True,Passport verification process is slow and corrupt,process,Indian citizens applying for passports,8,9,common,[],Lack of transparency and accountability in the verification process,"A platform to track and expedite passport verification, providing transparency and accountability. It could also offer additional services like document preparation and verification assistance",Freemium model with premium services for expedited verification and document assistance,high,Don't you know how government work gets done?,7.5,2.81,6.83
1t8io75,bangalore,One of the ways patients die untimely at large corporate hospitals,"I am so annoyed and angry that I had to write this post now at 1 am. Apologies for not attempting to keep this post short.

Background: Family member Lung cancer patient with metastasis to other organs, struggling with breathlessness. Patient (24\*7 oxygen support dependent) is admitted to XYZ hospital (Bengaluru). Patient is put on oxygen supply through the piped supply into the rooms through wall-mounted ports. Due to hospital policies patient is transferred to another room. After some time patient's SPO2 drops to 70 despite the oxygen supply from the wall-mounted port. On complaint, wall-mounted port is replaced. Within 3-4 hours patient is transferred to another room (again due to hospital policies). After some time patient's SPO2 drops to 60 despite the oxygen supply from the wall-mounted port. On complaint, wall-mounted port is replaced. Note that SPO2 level below 88 or may be 85 is considered medical emergency.

The problems/concerns in the incident mentioned above:

1. Hospital","One of the ways patients die untimely at large corporate hospitals I am so annoyed and angry that I had to write this post now at 1 am. Apologies for not attempting to keep this post short.

Background: Family member Lung cancer patient with metastasis to other organs, struggling with breathlessness. Patient (24\*7 oxygen support dependent) is admitted to XYZ hospital (Bengaluru). Patient is put on oxygen supply through the piped supply into the rooms through wall-mounted ports. Due to hospital policies patient is transferred to another room. After some time patient's SPO2 drops to 70 despite the oxygen supply from the wall-mounted port. On complaint, wall-mounted port is replaced. Within 3-4 hours patient is transferred to another room (again due to hospital policies). After some time patient's SPO2 drops to 60 despite the oxygen supply from the wall-mounted port. On complaint, wall-mounted port is replaced. Note that SPO2 level below 88 or may be 85 is considered medical emergency.

The problems/concerns in the incident mentioned above:

1. Hospital has faulty wall-mounted port which are critical for oxygen supply to patients.

2. The drop in SPO2 is noticed by patient's attendant, not the nursing staff. If this drop in SPO2 is missed by attendant/family member, the risk is organ failure and death of the patient.

3. Faulty wall-mounted port is replaced with working wall-mounted port from the other bed. Faulty wall-mounted port is placed on the other bed. So, the problem is",192,39,https://reddit.com/r/bangalore/comments/1t8io75/one_of_the_ways_patients_die_untimely_at_large/,2026-05-10,new,270,True,"Patient's oxygen supply was disrupted during room transfer, causing SPO2 to drop",support,Patients and families using corporate hospitals,8,9,common,[],Lack of seamless oxygen supply transfer during room changes,"Develop a portable oxygen supply system for easy transfer, ensuring continuous patient care",Charge hospitals for the system and maintenance,high,Patient's SPO2 drops to 70,7.5,2.7,6.8
1t4ktsj,ProductManagement,Coinbase fires 2000 people experimenting with 1-person product teams,"

Copy pasting so people don't have to go to x

&gt; Team,
&gt; 
&gt; Today I’ve made the difficult decision to reduce the size of Coinbase by ~14%. I want to walk you through why we're doing this now, what it means for those affected, and how this positions us for the future.
&gt; 
&gt; Why now
&gt; Two forces are converging at the same time. We need to be front footed to respond to both.
&gt; 
&gt; First, the market. Coinbase is well-capitalized, has diversified revenue streams, and is well-positioned to weather any storm. Crypto is also on the verge of the next wave of adoption, with stablecoins, prediction markets, tokenization, and more taking off. However, our business is still volatile from quarter to quarter. While we've managed through that cyclicality many times before and come out stronger on the other side, we’re currently in a down market and need to adjust our cost structure now so that we emerge from this period leaner, faster, and more efficient for our next phase of gr","Coinbase fires 2000 people experimenting with 1-person product teams 

Copy pasting so people don't have to go to x

&gt; Team,
&gt; 
&gt; Today I’ve made the difficult decision to reduce the size of Coinbase by ~14%. I want to walk you through why we're doing this now, what it means for those affected, and how this positions us for the future.
&gt; 
&gt; Why now
&gt; Two forces are converging at the same time. We need to be front footed to respond to both.
&gt; 
&gt; First, the market. Coinbase is well-capitalized, has diversified revenue streams, and is well-positioned to weather any storm. Crypto is also on the verge of the next wave of adoption, with stablecoins, prediction markets, tokenization, and more taking off. However, our business is still volatile from quarter to quarter. While we've managed through that cyclicality many times before and come out stronger on the other side, we’re currently in a down market and need to adjust our cost structure now so that we emerge from this period leaner, faster, and more efficient for our next phase of growth.
&gt; 
&gt; Second, AI is changing how we work. Over the past year, I’ve watched engineers use AI to ship in days what used to take a team weeks. Non-technical teams are now shipping production code and many of our workflows are being automated. The pace of what's possible with a small, focused team has changed dramatically, and it's accelerating every day.
&gt; 
&gt; All of this has led us to an inflection point, not just",353,218,https://reddit.com/r/ProductManagement/comments/1t4ktsj/coinbase_fires_2000_people_experimenting_with/,2026-05-05,hot,789,True,Coinbase is reducing staff due to market forces and experimental team structures,workflow,product managers at startups and large companies,6,8,common,[],lack of effective team structure and adaptation to market changes,"A platform for dynamic team restructuring and market adaptation, offering data-driven insights for product managers",subscription-based model with tiered pricing for different company sizes,medium,reduce size by ~14%,5.0,7.89,6.72
1tcpzlx,india,"NEET aspirant, 17, dies by suicide due to ‘exam stress’; cops probe cancellation link",,"NEET aspirant, 17, dies by suicide due to ‘exam stress’; cops probe cancellation link ",236,15,https://reddit.com/r/india/comments/1tcpzlx/neet_aspirant_17_dies_by_suicide_due_to_exam/,2026-05-14,hot,266,True,Exam stress is causing severe mental health issues for students.,other,"Students, particularly those preparing for high-stakes exams like NEET",9,10,common,[],Lack of effective stress management and mental health support for students,"A mental health support platform or app for students, offering stress management tools and resources. It could include features like counseling, mindfulness exercises, and peer support groups.",Subscription-based model or partnerships with educational institutions,medium,dies by suicide due to exam stress,5.0,2.66,6.66
1tb7ud9,bangalore,NEW Rapido Hack and Exploit out there! Beware and stay safe,"I read another post in this subreddit about the use of a fake app called TownRide, this new exploit is something more concerning as it messes with GPS data and ride location, the updated fare reflects only on Rapido's Share ride link web app but it shows the non updated original price on your Ride History in accounts

TL;DR This exploit manipulates the captains gps data and fools Rapido into thinking you took a longer route! and increases the price because of it.

Key observations: 

Rapido App sends a SOS Alert to you and Asks ""Are you safe? We've detected a change in your route"" Even though there is NO change on Route.

Intermediate screen for payment amount and Captain rating is not shown

This exploit is directly bootstrapped onto the Rapido app or is an extension, as the app on the captains screen is Rapido itself.

I always go home with my friends as they live on the way and add a Double stop so the captain doesn't crash out in between, but remember, adding stops means being more","NEW Rapido Hack and Exploit out there! Beware and stay safe I read another post in this subreddit about the use of a fake app called TownRide, this new exploit is something more concerning as it messes with GPS data and ride location, the updated fare reflects only on Rapido's Share ride link web app but it shows the non updated original price on your Ride History in accounts

TL;DR This exploit manipulates the captains gps data and fools Rapido into thinking you took a longer route! and increases the price because of it.

Key observations: 

Rapido App sends a SOS Alert to you and Asks ""Are you safe? We've detected a change in your route"" Even though there is NO change on Route.

Intermediate screen for payment amount and Captain rating is not shown

This exploit is directly bootstrapped onto the Rapido app or is an extension, as the app on the captains screen is Rapido itself.

I always go home with my friends as they live on the way and add a Double stop so the captain doesn't crash out in between, but remember, adding stops means being more prone to getting scammed by captains

Ways you can be safe:

1. Pay before the ride ends saying your phones battery is low

2.;Stay grounded and tell them you'll only pay what's shown on your screen.

Rapido is honestly the most scummy and stupidest app out there, Last time I got scammed they refunded me 36rs on Rapido wallet which is not usable for any ride nor any payment method. I feel they're wantedly having such things in their ap",157,27,https://reddit.com/r/bangalore/comments/1tb7ud9/new_rapido_hack_and_exploit_out_there_beware_and/,2026-05-12,hot,211,True,Rapido app is vulnerable to a GPS exploit that manipulates route data and increases prices,security,"Rapido users, particularly those in Bangalore",8,9,common,['TownRide'],lack of robust security measures to prevent GPS exploits,"Develop a GPS exploit detection and prevention feature for ride-hailing apps, ensuring accurate route tracking and fair pricing",Offer this feature as an add-on security service to ride-hailing companies,high,fools Rapido into thinking you took a longer route,7.5,2.11,6.65
1tcswwg,developersIndia,"Stuck at Accenture and want to switch, what should I do?","I’m a 24 grad that did an internship related to rag projects and then joined Accenture(4.5 lpa) because i had no other offers. 

They first trained me in java and then retrained me in dotnet and gave me gen ai work for a few months and back to dotnet again. 

Getting a hike here is almost impossible in my project and it will take another year just to get 10k rupees more per month. 

I’ve been freelancing on the side but that hasn’t been working that good because indian clients suck at paying. 

I found some overseas clients as well but they’re indians again and they made problems with payments.

I interviewed at some places back in 2024 and 2025 but they said something during the hr calls but asked something else in the interviews

Getting interviews is hard, i get calls from my naukri sometimes but they look at my notice period and just say that they need people who are serving notice period or immediate joiners.

My ex got a marriage proposal and the guy earns 10x my salary so she co","Stuck at Accenture and want to switch, what should I do? I’m a 24 grad that did an internship related to rag projects and then joined Accenture(4.5 lpa) because i had no other offers. 

They first trained me in java and then retrained me in dotnet and gave me gen ai work for a few months and back to dotnet again. 

Getting a hike here is almost impossible in my project and it will take another year just to get 10k rupees more per month. 

I’ve been freelancing on the side but that hasn’t been working that good because indian clients suck at paying. 

I found some overseas clients as well but they’re indians again and they made problems with payments.

I interviewed at some places back in 2024 and 2025 but they said something during the hr calls but asked something else in the interviews

Getting interviews is hard, i get calls from my naukri sometimes but they look at my notice period and just say that they need people who are serving notice period or immediate joiners.

My ex got a marriage proposal and the guy earns 10x my salary so she couldn’t even tell her parents about us, she just left me. 

What do you guys suggest i do? Is dotnet as a techstack going to look bad on my resume? Should i just look for dotnet related roles ?  how do i go close to earning almost a lakh rupees per month in the next 6 months?",224,111,https://reddit.com/r/developersIndia/comments/1tcswwg/stuck_at_accenture_and_want_to_switch_what_should/,2026-05-14,hot,446,True,Difficulty in career growth and payment issues with freelance clients,process,junior developers and freelancers in India,8,9,common,[],lack of reliable freelance platforms and career growth opportunities,"A platform connecting Indian developers with reliable overseas clients, and a career growth platform for junior developers",commission-based freelance platform and subscription-based career growth services,medium,Getting a hike here is almost impossible,5.0,4.46,6.62
1tagp93,ProductManagement,Massively dropped the ball on roadmap,"Not sure what I’m looking for - mostly sympathy. I’ve made a massive balls up and the roadmap has slipped without me catching the red flags and escalating it up to my CPO. I now have to explain why features planned for Q2 aren’t all possible straight after a commercial team roadmap session yesterday, and yes I know this is messed up.

In my defence it’s been a truly awful six months of stress after stress. Where planned resource has fallen through, we’re trying to do things that may be impossible and I’ve allowed myself to be pulled further and further away from the day to day execution of our Eng team and relying on my Junior Product Managers updates which I realise now land differently when I’m not in the Eng standup meetings or at sprint ceremony days.

My plan is to go in with no emotion and just state the facts and try to salvage what can be done but it’s going to be painful. As the Senior Product Manager this is totally on me and I acknowledge that.

\[UPDATE\] After a sleepless ","Massively dropped the ball on roadmap Not sure what I’m looking for - mostly sympathy. I’ve made a massive balls up and the roadmap has slipped without me catching the red flags and escalating it up to my CPO. I now have to explain why features planned for Q2 aren’t all possible straight after a commercial team roadmap session yesterday, and yes I know this is messed up.

In my defence it’s been a truly awful six months of stress after stress. Where planned resource has fallen through, we’re trying to do things that may be impossible and I’ve allowed myself to be pulled further and further away from the day to day execution of our Eng team and relying on my Junior Product Managers updates which I realise now land differently when I’m not in the Eng standup meetings or at sprint ceremony days.

My plan is to go in with no emotion and just state the facts and try to salvage what can be done but it’s going to be painful. As the Senior Product Manager this is totally on me and I acknowledge that.

\[UPDATE\] After a sleepless night it turns out I didn't need to worry so much. The VP of Eng unwittingly reframed the problem as an engineering under-estimation based around complexity of the problem space they hadn't shared. I barely had to say anything. I'm taking it as a lucky escape to learn from so that I don't make the same mistake again. I wanted to thank you all for your support and advice it really helped to not feel so alone. Some great tips in here for future proofing which ",93,49,https://reddit.com/r/ProductManagement/comments/1tagp93/massively_dropped_the_ball_on_roadmap/,2026-05-12,hot,191,True,Product manager failed to deliver roadmap due to stress and resource issues,process,product managers at startups,8,9,common,[],lack of proactive project management and resource allocation tools,"A project management tool with AI-powered resource allocation and stress prediction, helping product managers stay on track and escalate issues promptly",Subscription-based model with tiered pricing for teams and enterprises,high,Massively dropped the ball,7.5,1.91,6.6
1ta431t,IndianStartups,My brother spent 4 hours on a Sunday fixing a GST mistake his CA found — this is the reality of freelancing in India nobody talks about,"My brother is a freelance data analyst. Last month his CA called him on a Sunday saying the IGST he charged a Mumbai client was wrong — should've been CGST+SGST since they're both in Gujarat.

He had to manually redo 3 invoices, recalculate everything in Excel, and resend them before Monday.

This isn't a one-off. Every month-end it's the same chaos — which client is in which state, what rate applies, export the right format for the CA, chase pending payments.

I genuinely didn't realize how broken this workflow was until I watched him do it.

For people here who freelance or run a small business — how are you handling GST invoicing? Are you doing it manually in Excel, using a CA, or found something that actually works?

Curious what the real workflow looks like for most people.","My brother spent 4 hours on a Sunday fixing a GST mistake his CA found — this is the reality of freelancing in India nobody talks about My brother is a freelance data analyst. Last month his CA called him on a Sunday saying the IGST he charged a Mumbai client was wrong — should've been CGST+SGST since they're both in Gujarat.

He had to manually redo 3 invoices, recalculate everything in Excel, and resend them before Monday.

This isn't a one-off. Every month-end it's the same chaos — which client is in which state, what rate applies, export the right format for the CA, chase pending payments.

I genuinely didn't realize how broken this workflow was until I watched him do it.

For people here who freelance or run a small business — how are you handling GST invoicing? Are you doing it manually in Excel, using a CA, or found something that actually works?

Curious what the real workflow looks like for most people.",49,46,https://reddit.com/r/indianstartups/comments/1ta431t/my_brother_spent_4_hours_on_a_sunday_fixing_a_gst/,2026-05-11,hot,141,True,Freelancers in India face chaos with GST invoicing and compliance every month-end.,workflow,Freelancers and small business owners in India,8,9,common,[],Lack of automated GST invoicing and compliance tools,"A GST compliance and invoicing tool tailored for Indian freelancers and small businesses, automating calculations and invoicing.",Subscription-based model with tiered pricing for different user segments,high,This isn't a one-off. Every month-end it's the same chaos,7.5,1.41,6.48
1tccdbi,SaaS,Backed by Sequoia &amp; Tiger. Just got back from SF. The SaaS playbook we used to raise a Series B feels like it's from another century. Genuinely trying to figure out what comes next.,"I've been building in SaaS for a while. Customer engagement space. Raised a Series B 2-3 years ago, Sequoia, Tiger Global, the kind of round that felt like the ultimate validation at the time. We've been heads-down executing ever since.

I hadn't been to San Francisco properly in a couple of years. Finally went back for 2-3 weeks last month. Took meetings with founders at different stages, a few VCs, some old colleagues.

I expected things to have shifted. I did not expect to feel like I walked into a different industry.

**1. The funding bar has been completely reset.**

Had a candid conversation with a partner at one of the major firms. I asked what ""good"" traction looks like now for Series A.

He didn't sugarcoat it.

*""Zero to $1M ARR in a year used to turn heads. Now it's pedestrian. The new bar is $0 to $4-5M ARR. Companies approaching $10M at Series A, that's what generates actual competition in a round.""*

Then he shared the internal framework his firm applies to every deal: **","Backed by Sequoia &amp; Tiger. Just got back from SF. The SaaS playbook we used to raise a Series B feels like it's from another century. Genuinely trying to figure out what comes next. I've been building in SaaS for a while. Customer engagement space. Raised a Series B 2-3 years ago, Sequoia, Tiger Global, the kind of round that felt like the ultimate validation at the time. We've been heads-down executing ever since.

I hadn't been to San Francisco properly in a couple of years. Finally went back for 2-3 weeks last month. Took meetings with founders at different stages, a few VCs, some old colleagues.

I expected things to have shifted. I did not expect to feel like I walked into a different industry.

**1. The funding bar has been completely reset.**

Had a candid conversation with a partner at one of the major firms. I asked what ""good"" traction looks like now for Series A.

He didn't sugarcoat it.

*""Zero to $1M ARR in a year used to turn heads. Now it's pedestrian. The new bar is $0 to $4-5M ARR. Companies approaching $10M at Series A, that's what generates actual competition in a round.""*

Then he shared the internal framework his firm applies to every deal: **Can this company reach $100M ARR within 3 years?**

Not five years. Not ""eventually."" Three.

He pointed to five companies from their first fund that already hit $100M+ revenue in roughly that window. That's the peer set now. That's what ""exceptional"" looks like.

The growth ladder they're underwriting:

* Year 1",31,26,https://reddit.com/r/SaaS/comments/1tccdbi/backed_by_sequoia_tiger_just_got_back_from_sf_the/,2026-05-14,hot,83,True,"The SaaS funding landscape has changed, making previous strategies outdated.",process,SaaS founders and entrepreneurs,8,9,common,[],Lack of guidance on navigating the new funding landscape,"A platform offering adaptive funding strategies and mentorship for SaaS founders, helping them navigate the changing landscape.",Subscription-based model with tiered pricing for different levels of guidance and support,high,Feels like a different industry,7.5,0.83,6.33
1tbs12l,personalfinanceindia,Walked Away From 1.2 Cr per Year. Now at a Crossroads.,"Okay, so here’s the thing.

A couple of years ago, I left a very high paying job in India. Around 1.2 crore per annum post taxes in India (Remote). Most people around me thought it was stupid to walk away from that kind of stability, especially coming from a modest background where I was taking care of my parents and family responsibilities as well.

But I still left.

Started building a startup. It touched around a million dollars in revenue, but in reality the profits were hardly around 20 to 25 lakhs for the whole year. Learned very quickly that revenue sounds glamorous on paper until you actually understand margins, pressure, scaling, people, and the emotional cost behind it.

After that, I spent time traveling, consulting, helping friends scale startups in places like Brazil, spent almost six months in the US visiting friends,fmaily , meetings, meeting founders, Conferences,hackathonsinvestors, researchers and just exploring life and ideas in general.

Worked with and consulted on","Walked Away From 1.2 Cr per Year. Now at a Crossroads. Okay, so here’s the thing.

A couple of years ago, I left a very high paying job in India. Around 1.2 crore per annum post taxes in India (Remote). Most people around me thought it was stupid to walk away from that kind of stability, especially coming from a modest background where I was taking care of my parents and family responsibilities as well.

But I still left.

Started building a startup. It touched around a million dollars in revenue, but in reality the profits were hardly around 20 to 25 lakhs for the whole year. Learned very quickly that revenue sounds glamorous on paper until you actually understand margins, pressure, scaling, people, and the emotional cost behind it.

After that, I spent time traveling, consulting, helping friends scale startups in places like Brazil, spent almost six months in the US visiting friends,fmaily , meetings, meeting founders, Conferences,hackathonsinvestors, researchers and just exploring life and ideas in general.

Worked with and consulted on a few notable projects too.Even comepleted my law just for fun.

Now I’m back in India again, and honestly, I’m still figuring things out.

I’m not married, don’t have massive responsibilities apart from my parents, and my risk appetite is still very high. At the same time, I do want money. I want to build something meaningful and financially massive. But the strange part is, a lot of conventional things don’t excite me anymore.

I even rej",344,143,https://reddit.com/r/personalfinanceindia/comments/1tbs12l/walked_away_from_12_cr_per_year_now_at_a/,2026-05-13,hot,630,True,Struggling to maintain profitability in a startup after leaving a high-paying job,process,solo SaaS founders,8,6,common,[],lack of practical guidance on managing startup finances,"A financial management tool for startups, offering personalized profit optimization strategies. It could provide real-time expense tracking and revenue forecasting",subscription-based model with tiered pricing for different startup sizes,medium,revenue sounds glamorous,5.0,6.3,6.32
1t3qsw9,Entrepreneur,Anyone buying single family rentals? Have a question,"Question for people buying single family homes as rentals

Iv'e been wanting to get into this, but my credit is bad right now, it's something iv'e been working on

I'm tired of waiting for my score to go up and I just want to get in the game already 

Is it possible to partner with someone who has better credit and can qualify for the loan? 

I have a ton of experience rehabbing houses for investors as a GC. Iv'e probably managed the rehab of over 1500 homes. 

I have the crews and everything already

My end would basically be finding the deals, handling the rehab, getting a renter in, and putting up the down payment, and I'd just be looking for a partner to bring credit to the table to get the loan. 

Is the possible in this industry or out of the ordinary and unlikely?","Anyone buying single family rentals? Have a question Question for people buying single family homes as rentals

Iv'e been wanting to get into this, but my credit is bad right now, it's something iv'e been working on

I'm tired of waiting for my score to go up and I just want to get in the game already 

Is it possible to partner with someone who has better credit and can qualify for the loan? 

I have a ton of experience rehabbing houses for investors as a GC. Iv'e probably managed the rehab of over 1500 homes. 

I have the crews and everything already

My end would basically be finding the deals, handling the rehab, getting a renter in, and putting up the down payment, and I'd just be looking for a partner to bring credit to the table to get the loan. 

Is the possible in this industry or out of the ordinary and unlikely?",12,28,https://reddit.com/r/Entrepreneur/comments/1t3qsw9/anyone_buying_single_family_rentals_have_a/,2026-05-05,hot,68,True,Bad credit is hindering the ability to secure a loan for single family home rentals,onboarding,real estate investors and entrepreneurs,8,9,common,[],lack of accessible financing options for those with bad credit,"A platform connecting investors with bad credit to partners with good credit, or a financing solution with more lenient credit requirements",Commission-based partnership matching or interest on loans,high,tired of waiting,7.5,0.68,6.3
1skcnn8,IndiaInvestments,What to do with your 401K/ IRA/ HSA on returning to India,"Historically, returning NRIs faced a nightmare of double taxation and timing mismatches. India taxes global income on an accrual basis (as it grows), while the US taxes these specific accounts on a receipt basis (when you withdraw).

Thankfully, the Indian Income Tax Department introduced new rules to address these hurdles. Here is a **comprehensive guide to understanding the taxability of your Traditional and Roth retirement accounts, as well as your HSA**, in India.

# New Income Tax Rules

**Before 2021**, if you moved back to India and became a Resident and Ordinarily Resident (ROR), the Indian government would tax the annual gains (dividends, interest, capital gains) inside your 401(k) or IRA every year, even though you couldn't withdraw the money without US penalties.

Since you weren't paying US taxes yet, you couldn't claim a Foreign Tax Credit (FTC), leading to double taxation.

To fix this, the government introduced **Section 89A of the Income Tax Act**, operationalized by **","What to do with your 401K/ IRA/ HSA on returning to India Historically, returning NRIs faced a nightmare of double taxation and timing mismatches. India taxes global income on an accrual basis (as it grows), while the US taxes these specific accounts on a receipt basis (when you withdraw).

Thankfully, the Indian Income Tax Department introduced new rules to address these hurdles. Here is a **comprehensive guide to understanding the taxability of your Traditional and Roth retirement accounts, as well as your HSA**, in India.

# New Income Tax Rules

**Before 2021**, if you moved back to India and became a Resident and Ordinarily Resident (ROR), the Indian government would tax the annual gains (dividends, interest, capital gains) inside your 401(k) or IRA every year, even though you couldn't withdraw the money without US penalties.

Since you weren't paying US taxes yet, you couldn't claim a Foreign Tax Credit (FTC), leading to double taxation.

To fix this, the government introduced **Section 89A of the Income Tax Act**, operationalized by **Rule 21AAA**.

**How it works:**  
Section 89A allows ""Specified Persons"" (returning Indians) holding ""Specified Accounts"" (retirement accounts in notified countries like the US, UK, and Canada) to **defer paying tax in India until the year of actual withdrawal**. This perfectly aligns the Indian tax event with the US tax event.

**How to claim it:**  
You must file **Form 10-EE** electronically on the Income Tax portal *before* filing yo",40,16,https://reddit.com/r/IndiaInvestments/comments/1skcnn8/what_to_do_with_your_401k_ira_hsa_on_returning_to/,2026-04-13,hot,72,True,Returning NRIs face double taxation and timing mismatches with 401K/IRA/HSA accounts in India,process,Non-Resident Indians returning to India,8,9,common,[],Lack of clear guidance on taxability of US retirement accounts in India,"A tax planning and management tool for returning NRIs, providing personalized guidance on 401K/IRA/HSA accounts",Subscription-based model with tiered pricing for different levels of expertise and support,high,nightmare of double taxation,7.5,0.72,6.3
1rhrt05,IndiaInvestments,"US NRI’s Guide to Investing in India: Navigating PFIC, FBAR, and the Estate Tax Trap","For Non-Resident Indians (NRIs) based in the United States, investing in India is both an emotional connection and a strategic financial decision. India’s structural economic growth presents a compelling wealth-creation opportunity.

However, for US tax residents, the cross-border investment landscape is heavily mined with complex IRS regulations. A single misstep in structuring your Indian portfolio can lead to punitive taxes and severe compliance penalties.   


Here is what we tell all our US NRI clients about investing in India while staying firmly on the right side of the IRS.

# The PFIC Trap: Why Indian Mutual Funds Can Be Toxic

  
Many NRIs instinctively look to Indian Mutual Funds to participate in the market's growth. If you are a US tax resident, this is generally a mistake.

The IRS classifies foreign mutual funds and ETFs as **Passive Foreign Investment Companies (PFICs)**. The taxation rules for PFICs are notoriously punitive and complex:

**Punitive Taxation**: Gains an","US NRI’s Guide to Investing in India: Navigating PFIC, FBAR, and the Estate Tax Trap For Non-Resident Indians (NRIs) based in the United States, investing in India is both an emotional connection and a strategic financial decision. India’s structural economic growth presents a compelling wealth-creation opportunity.

However, for US tax residents, the cross-border investment landscape is heavily mined with complex IRS regulations. A single misstep in structuring your Indian portfolio can lead to punitive taxes and severe compliance penalties.   


Here is what we tell all our US NRI clients about investing in India while staying firmly on the right side of the IRS.

# The PFIC Trap: Why Indian Mutual Funds Can Be Toxic

  
Many NRIs instinctively look to Indian Mutual Funds to participate in the market's growth. If you are a US tax resident, this is generally a mistake.

The IRS classifies foreign mutual funds and ETFs as **Passive Foreign Investment Companies (PFICs)**. The taxation rules for PFICs are notoriously punitive and complex:

**Punitive Taxation**: Gains and even some unrealized gains can be taxed at the highest marginal ordinary income tax rate, entirely wiping out the benefit of favorable long-term capital gains rates.

**Interest Charges**: The IRS levies retroactive interest charges on the deferred tax from the time you purchased the fund.

**Compliance Nightmare**: You are required to file Form 8621 for each PFIC you own, every single year. The accounting com",17,24,https://reddit.com/r/IndiaInvestments/comments/1rhrt05/us_nris_guide_to_investing_in_india_navigating/,2026-03-01,hot,65,True,"US NRIs face complex IRS regulations when investing in India, leading to potential tax penalties.",support,US-based Non-Resident Indians,8,9,common,[],lack of clear guidance on navigating IRS regulations for cross-border investments,"A tax guidance platform or consulting service specializing in US-India cross-border investments, providing personalized advice and compliance support.",Subscription-based model or fee-based consulting services,high,punitive taxes and severe compliance penalties,7.5,0.65,6.29
1tc1171,developersIndia,"Built an app to compare Swiggy, Zomato, quick commerce and cab prices all in one place","I recently added food delivery comparison to Comparify.

The core problem I wanted to solve was this: two platforms can show similar menu prices, but the final amount can be completely different once fees, packaging charges, discounts and coupons are applied.

So the feature compares the actual payable cart amount across Zomato, Swiggy and Toing, rather than just the listed item prices.

The final payable amount can change because of:

\- delivery fees

\- platform fees

\- packaging charges

\- restaurant discounts

\- platform coupons

\- minimum cart values

\- location-specific availability

So the feature now compares the final cart price across Zomato, Swiggy and Toing after applying the best available coupons.

The harder parts were:

1. Item matching

The same dish can have slightly different names, prices, variants or add-ons across platforms.

2. Cart-level pricing

Unlike quick commerce, food delivery ¯pricing depends a lot on the full cart and restaurant-specific charges, n","Built an app to compare Swiggy, Zomato, quick commerce and cab prices all in one place I recently added food delivery comparison to Comparify.

The core problem I wanted to solve was this: two platforms can show similar menu prices, but the final amount can be completely different once fees, packaging charges, discounts and coupons are applied.

So the feature compares the actual payable cart amount across Zomato, Swiggy and Toing, rather than just the listed item prices.

The final payable amount can change because of:

\- delivery fees

\- platform fees

\- packaging charges

\- restaurant discounts

\- platform coupons

\- minimum cart values

\- location-specific availability

So the feature now compares the final cart price across Zomato, Swiggy and Toing after applying the best available coupons.

The harder parts were:

1. Item matching

The same dish can have slightly different names, prices, variants or add-ons across platforms.

2. Cart-level pricing

Unlike quick commerce, food delivery ¯pricing depends a lot on the full cart and restaurant-specific charges, not just individual item prices.

3. Coupon logic

The cheapest platform before coupons is often not the cheapest after coupons.

4. Cart transfer

I also added one-tap cart transfer so users don’t have to manually rebuild the same order on the cheaper app.

Comparify started as a small side project and me wanting to learn mobile development but now it has over 160K downloads - it feels surreal!

Would love for",1323,162,https://reddit.com/r/developersIndia/comments/1tc1171/built_an_app_to_compare_swiggy_zomato_quick/,2026-05-13,hot,1647,True,Final payable amount varies across food delivery platforms due to hidden fees and charges.,pricing,Food delivery customers,6,4,common,"['Zomato', 'Swiggy', 'Toing']",Lack of transparency and comparison of final payable amounts across platforms,"Develop a price comparison tool that accounts for all fees and charges, providing users with the best option.",Affiliate marketing or commission-based referrals,medium,final amount can be completely different,5.0,10.0,6.25
1tc37a8,bangalore,"Saw near my house, at a daily gridlock junction","Everyday, 6PM to 8PM, daily jam for no reason. Autos and bikes fill up the wrong side, preventing incoming vehicle to pass, hence creating a daily gridlock. Average 20-45 minutes to cross 500m.","Saw near my house, at a daily gridlock junction Everyday, 6PM to 8PM, daily jam for no reason. Autos and bikes fill up the wrong side, preventing incoming vehicle to pass, hence creating a daily gridlock. Average 20-45 minutes to cross 500m.",235,14,https://reddit.com/r/bangalore/comments/1tc37a8/saw_near_my_house_at_a_daily_gridlock_junction/,2026-05-13,hot,263,True,Daily gridlock at a specific junction causes 20-45 minute delays,other,Daily commuters in Bangalore,8,9,widespread,[],Lack of effective traffic management and enforcement,"A smart traffic management system that optimizes traffic flow and enforces lane discipline, reducing congestion and travel time",Subscription-based service for commuters and revenue-sharing model with local authorities,medium,Daily jam for no reason,5.0,2.63,6.16
1sy3y5o,indiehackers,"""Build fast, fail fast"" has always felt wrong to me. Agreed?","Hey, indiehackers!

I work at an AI startup validation platform. We spend a lot of time talking to early-stage founders, and one pattern keeps coming up.

The ""build fast"" mantra has become so normalized that founders treat it as permission to skip validation entirely. The assumption is: ship something, the market will correct you.

But by the time the market corrects you, you've spent 12–18 months building the wrong thing. The feedback loop is too slow and too expensive.

What we've found works better: small continuous validation loops before building starts. Lightweight customer discovery, early positioning tests, synthetic interviews – none of which requires a product.

Curious if others have seen this. Has ""build fast"" actually helped the founders you've watched? Or does it mostly just make people feel better about skipping the hard thinking?

\---

Our CEO Vesko is doing a live AMA on exactly this topic next week – questions sourced from founders across Reddit, LinkedIn, and Twitt","""Build fast, fail fast"" has always felt wrong to me. Agreed? Hey, indiehackers!

I work at an AI startup validation platform. We spend a lot of time talking to early-stage founders, and one pattern keeps coming up.

The ""build fast"" mantra has become so normalized that founders treat it as permission to skip validation entirely. The assumption is: ship something, the market will correct you.

But by the time the market corrects you, you've spent 12–18 months building the wrong thing. The feedback loop is too slow and too expensive.

What we've found works better: small continuous validation loops before building starts. Lightweight customer discovery, early positioning tests, synthetic interviews – none of which requires a product.

Curious if others have seen this. Has ""build fast"" actually helped the founders you've watched? Or does it mostly just make people feel better about skipping the hard thinking?

\---

Our CEO Vesko is doing a live AMA on exactly this topic next week – questions sourced from founders across Reddit, LinkedIn, and Twitter. If you've got something you'd want to ask him about validation, early GTM, or AI in the founder workflow, drop it below or on the event page.",28,94,https://reddit.com/r/indiehackers/comments/1sy3y5o/build_fast_fail_fast_has_always_felt_wrong_to_me/,2026-04-28,hot,216,True,Founders spend too much time building the wrong product due to lack of validation,process,Early-stage founders,8,7,common,[],Lack of continuous validation loops,"A platform for continuous validation and customer discovery, helping founders build the right product",Subscription-based model for access to validation tools and expert guidance,high,"ship something, the market corrects",7.5,2.16,6.16
1tbwz6t,startups,how do you cope with uncertainty when your startup starts falling apart? [i will not promote],"i left my full time job to start a company because i deeply cared about the problem i am solving.

it’s been around a year now. before building, i tried to validate the problem with few enterprises and they were actually eager to buy the solution if i built it. I did unpaid pilot with 3 enterprises. i put my own money and free credits to train the model and make the whole thing work.

now the strange thing is, the product is working but it doesn’t seem like a problem for them anymore. people are not replying, or they are saying it’s not priority right now. I have almost no runway left. my family is pressuring me to take a job, and i understand them also. but i still want to do startup and build something.

i am not writing this for sympathy. i know i made mistakes, maybe unpaid pilots were a mistake, maybe i took verbal interest too seriously. For people who have gone through this, how do you know when to keep going and when to accept that it’s not working?

how do you cope mentally wh","how do you cope with uncertainty when your startup starts falling apart? [i will not promote] i left my full time job to start a company because i deeply cared about the problem i am solving.

it’s been around a year now. before building, i tried to validate the problem with few enterprises and they were actually eager to buy the solution if i built it. I did unpaid pilot with 3 enterprises. i put my own money and free credits to train the model and make the whole thing work.

now the strange thing is, the product is working but it doesn’t seem like a problem for them anymore. people are not replying, or they are saying it’s not priority right now. I have almost no runway left. my family is pressuring me to take a job, and i understand them also. but i still want to do startup and build something.

i am not writing this for sympathy. i know i made mistakes, maybe unpaid pilots were a mistake, maybe i took verbal interest too seriously. For people who have gone through this, how do you know when to keep going and when to accept that it’s not working?

how do you cope mentally when something you spent one year on might fail? should i take a job and continue on side, or should i still try to push for some more time?",62,86,https://reddit.com/r/startups/comments/1tbwz6t/how_do_you_cope_with_uncertainty_when_your/,2026-05-13,hot,234,True,Startup founders struggle with coping with uncertainty when their business is failing,other,solo SaaS founders,8,9,common,[],lack of support for founders in times of uncertainty,"A platform offering guidance and resources for struggling founders, or a mentorship program connecting them with experienced entrepreneurs",Subscription-based model or coaching services,medium,my startup is falling apart,5.0,2.34,6.08
1tbqngi,mumbai,HELPPP!! Tomorrow I finally meet the girl destiny kept postponing.,"So hey guys, long story short — there’s this girl I really like.
We’ve never actually met though. Every single time we tried, fate somehow separated us 😭

But tomorrow… we’re finally meeting.

She’s kinda nerdy, loves cricket, introverted, cute, and honestly I’m way too nervous about this whole thing.

I’m trying to figure out the best restaurant to take her to for dinner in Mumbai. I want something with:

- really good ambience
- maybe a rooftop vibe
- peaceful enough to actually talk
- romantic but not too over the top

The places I currently have in mind are:

- ESTELLA
- GALLOPS
- OUT OF THE BLUE

Budget is around ₹4k.

So please suggest:

1. Which place would actually be best for a first meet like this?
2. Any better recommendations?
3. How do I stop being so nervous?
4. What do I even talk about so it doesn’t get awkward or boring?

Nothing 18+ please 😭
I’m 22, just genuinely excited and nervous to finally meet someone I really like.","HELPPP!! Tomorrow I finally meet the girl destiny kept postponing. So hey guys, long story short — there’s this girl I really like.
We’ve never actually met though. Every single time we tried, fate somehow separated us 😭

But tomorrow… we’re finally meeting.

She’s kinda nerdy, loves cricket, introverted, cute, and honestly I’m way too nervous about this whole thing.

I’m trying to figure out the best restaurant to take her to for dinner in Mumbai. I want something with:

- really good ambience
- maybe a rooftop vibe
- peaceful enough to actually talk
- romantic but not too over the top

The places I currently have in mind are:

- ESTELLA
- GALLOPS
- OUT OF THE BLUE

Budget is around ₹4k.

So please suggest:

1. Which place would actually be best for a first meet like this?
2. Any better recommendations?
3. How do I stop being so nervous?
4. What do I even talk about so it doesn’t get awkward or boring?

Nothing 18+ please 😭
I’m 22, just genuinely excited and nervous to finally meet someone I really like.",64,68,https://reddit.com/r/mumbai/comments/1tbqngi/helppp_tomorrow_i_finally_meet_the_girl_destiny/,2026-05-13,hot,200,True,Finding a suitable restaurant for a date in Mumbai,other,young adults in urban areas,8,9,occasional,"['ESTELLA', 'GALLOPS', 'OUT OF T']",lack of personalized recommendations for specific preferences,"A dating spot finder app that suggests venues based on user preferences, such as ambiance and interests",Commission-based bookings or premium features for personalized recommendations,medium,really good ambience,5.0,2.0,6.0
1t59z1u,indiehackers,Where do/did you get your first/test users?,"Hey guys, real question here.

We have launched our first product about a week and a half ago (soft launch with pretty much no marketing or warmups).

So far were able to onboard 9 users, 2 paying rest free/discounted. However only 3 of them are actually using the product and are not really giving any real feedback - and we know there should be plenty to say, the product is by no means perfect.

Would love to hear what worked for people and what didn't!

Many thanks in advance!

  
Edit: a few people DMed me asking what the product was, it is a tool that helps to remove time and emotional commitment out of sending VC emails - anyone who ran a fundraising product will know the pain. I have also added a little about it in my personal description. 

P.s. There is a lot of great comments and helpful people here, so dont want to ruin it with self promo. ","Where do/did you get your first/test users? Hey guys, real question here.

We have launched our first product about a week and a half ago (soft launch with pretty much no marketing or warmups).

So far were able to onboard 9 users, 2 paying rest free/discounted. However only 3 of them are actually using the product and are not really giving any real feedback - and we know there should be plenty to say, the product is by no means perfect.

Would love to hear what worked for people and what didn't!

Many thanks in advance!

  
Edit: a few people DMed me asking what the product was, it is a tool that helps to remove time and emotional commitment out of sending VC emails - anyone who ran a fundraising product will know the pain. I have also added a little about it in my personal description. 

P.s. There is a lot of great comments and helpful people here, so dont want to ruin it with self promo. ",55,215,https://reddit.com/r/indiehackers/comments/1t59z1u/where_dodid_you_get_your_firsttest_users/,2026-05-06,hot,485,True,Struggling to find and engage first users for a new product launch,onboarding,solo SaaS founders and indie hackers,6,8,common,[],lack of effective user acquisition and feedback mechanisms,"A user acquisition and feedback platform for early-stage products, offering targeted user recruitment and feedback analysis tools",Subscription-based model with tiered pricing for different product stages,medium,only 3 users are actually using,5.0,4.85,5.96
1t2r5ab,Entrepreneur,"0 to 500K ARR, solo, with AI as my only team. already at $103K. documenting everything","I'm trying to hit 500K ARR completely solo using AI as my entire team. here's where I'm at after month 1.

ok so I need to get this out of my head because it's been eating at me for months.

I've built businesses before. done well. had partners, teams, all that. But there's this question that kept coming back and I couldn't shake it. How much of that was actually me, and how much was the people around me?

like I'm not fishing for compliments here. I genuinely don't know. when you build with other people you can always tell yourself ""yeah but I was the one who..."" but you never really know for sure right?

So I'm doing something kind of stupid to find out.

I'm calling it the 500K challenge. From 0 to 500K ARR, completely solo, where AI is my entire team. no freelancers, no partners, no employees. Me, Claude Code, ChatGPT, a bunch of agents and automations I'm building as I go. That's it.

now before you think I'm starting from zero zero, I'm not. I have one client right now paying me ","0 to 500K ARR, solo, with AI as my only team. already at $103K. documenting everything I'm trying to hit 500K ARR completely solo using AI as my entire team. here's where I'm at after month 1.

ok so I need to get this out of my head because it's been eating at me for months.

I've built businesses before. done well. had partners, teams, all that. But there's this question that kept coming back and I couldn't shake it. How much of that was actually me, and how much was the people around me?

like I'm not fishing for compliments here. I genuinely don't know. when you build with other people you can always tell yourself ""yeah but I was the one who..."" but you never really know for sure right?

So I'm doing something kind of stupid to find out.

I'm calling it the 500K challenge. From 0 to 500K ARR, completely solo, where AI is my entire team. no freelancers, no partners, no employees. Me, Claude Code, ChatGPT, a bunch of agents and automations I'm building as I go. That's it.

now before you think I'm starting from zero zero, I'm not. I have one client right now paying me $8K/month for Meta Ads management, so that's about $103K ARR already. I'm not gonna pretend that doesn't exist. But everything else, the systems, the acquisition, the content pipeline, all of that needs to be built from scratch.

and honestly the $103K almost makes it scarier? because now there's something to lose. if I was at $0 nobody would care if I failed. but posting publicly that you're at $103K and tryi",95,180,https://reddit.com/r/Entrepreneur/comments/1t2r5ab/0_to_500k_arr_solo_with_ai_as_my_only_team/,2026-05-03,hot,455,True,The author is uncertain about their individual contribution to their business's success when working with a team.,other,solo SaaS founders and entrepreneurs,8,6,common,[],lack of self-assessment and performance tracking tools for solo entrepreneurs,"A self-assessment platform for solo entrepreneurs to track their progress and measure individual contributions, using AI-driven analytics to provide insights.",Subscription-based model with tiered pricing for additional features and support,medium,How much of that was actually me?,5.0,4.55,5.89
1tbqgcp,delhi,"Visited AIIMS Delhi for TB treatment and ended up publicly humiliated, falsely accused and physically mishandled over ₹200 dispute at Rajkumari OPD canteen","I am a Class 12 student and NEET aspirant currently undergoing tuberculosis treatment at AIIMS Delhi.

On 11 May 2026 between approximately 11:10 AM and 11:40 AM, I experienced a deeply humiliating incident at the Rajkumari OPD canteen hall.

I went to buy one patties and one water bottle using a ₹500 note. After payment, I believed ₹200 was missing from the returned amount. I politely informed the female counter worker and requested CCTV verification because I genuinely believed confusion or mistake had occurred.

Instead of calmly checking, I was publicly abused in front of people present there. Later, after I again requested CCTV verification, guards surrounded me, treated me like a criminal, temporarily took my belongings, and physically mishandled me.

I had come to AIIMS for medical consultation related to tuberculosis treatment, and this entire experience affected me severely mentally. I have already been dealing with prolonged illness, academic stress, and emotional exhaustion ","Visited AIIMS Delhi for TB treatment and ended up publicly humiliated, falsely accused and physically mishandled over ₹200 dispute at Rajkumari OPD canteen I am a Class 12 student and NEET aspirant currently undergoing tuberculosis treatment at AIIMS Delhi.

On 11 May 2026 between approximately 11:10 AM and 11:40 AM, I experienced a deeply humiliating incident at the Rajkumari OPD canteen hall.

I went to buy one patties and one water bottle using a ₹500 note. After payment, I believed ₹200 was missing from the returned amount. I politely informed the female counter worker and requested CCTV verification because I genuinely believed confusion or mistake had occurred.

Instead of calmly checking, I was publicly abused in front of people present there. Later, after I again requested CCTV verification, guards surrounded me, treated me like a criminal, temporarily took my belongings, and physically mishandled me.

I had come to AIIMS for medical consultation related to tuberculosis treatment, and this entire experience affected me severely mentally. I have already been dealing with prolonged illness, academic stress, and emotional exhaustion due to NEET preparation. And my dream to go in aiims Delhi medical College all shattered 

I have now:

\- submitted formal complaint emails,

\- prepared timeline and evidence documents,

\- requested CCTV investigation.

I am not posting this for hate or harassment toward anyone. I only want fair investigation and accountability regarding w",138,9,https://reddit.com/r/delhi/comments/1tbqgcp/visited_aiims_delhi_for_tb_treatment_and_ended_up/,2026-05-13,hot,156,True,Patient was publicly humiliated and physically mishandled over a ₹200 dispute at a hospital canteen,support,Patients and visitors at hospitals,9,8,occasional,[],Lack of effective customer support and dispute resolution mechanisms,"A patient feedback and complaint resolution platform for hospitals, ensuring timely and respectful issue resolution",Subscription-based model for hospitals and healthcare providers,medium,publicly abused in front of people,5.0,1.56,5.89
1t4ez04,indiehackers,"I built a tool that automates movie recap videos and started selling it, here is what I made","Hey everyone. Making recap videos takes forever. Script, voiceover, subtitles, scene selection, syncing everything together. Easily 4 to 6 hours per video.

I spent a few months building a tool that handles the whole pipeline. You give it a movie file, it generates the script, creates voiceover, adds subtitles and pulls relevant scenes. Takes about 10 to 15 minutes instead of hours.

Runs locally on Windows, supports OpenAI, Anthropic, Gemini, Groq and local Ollama models. Everything is customizable through a web interface.

Fair warning though, this is not a one click magic button. You need a decent GPU, some patience with setup and basic understanding of what AI models are. The output quality depends heavily on which model you use. I run it with Gemma 4 E4B and Qwen 3 8B VL and results are decent. Swap in GPT 4o or Claude and quality goes up a lot.

If you are someone who already runs a recap channel or wants to start one and you know your way around a computer, this will save you a ","I built a tool that automates movie recap videos and started selling it, here is what I made Hey everyone. Making recap videos takes forever. Script, voiceover, subtitles, scene selection, syncing everything together. Easily 4 to 6 hours per video.

I spent a few months building a tool that handles the whole pipeline. You give it a movie file, it generates the script, creates voiceover, adds subtitles and pulls relevant scenes. Takes about 10 to 15 minutes instead of hours.

Runs locally on Windows, supports OpenAI, Anthropic, Gemini, Groq and local Ollama models. Everything is customizable through a web interface.

Fair warning though, this is not a one click magic button. You need a decent GPU, some patience with setup and basic understanding of what AI models are. The output quality depends heavily on which model you use. I run it with Gemma 4 E4B and Qwen 3 8B VL and results are decent. Swap in GPT 4o or Claude and quality goes up a lot.

If you are someone who already runs a recap channel or wants to start one and you know your way around a computer, this will save you a ton of time.

Demo: [https://youtu.be/m55mZzkac6E](https://youtu.be/m55mZzkac6E)

Get it here: [https://recapai.gumroad.com/l/movie-recap](https://recapai.gumroad.com/l/movie-recap)

Happy to answer any questions.",18,91,https://reddit.com/r/indiehackers/comments/1t4ez04/i_built_a_tool_that_automates_movie_recap_videos/,2026-05-05,hot,200,True,Creating movie recap videos is a time-consuming process.,workflow,Content creators and video editors,8,6,common,[],Lack of automation and efficiency in video creation,Automated video creation tool with customizable templates and AI-powered editing.,Subscription-based model with tiered pricing for individuals and businesses,high,Takes about 10 to 15 minutes instead of hours,7.5,2.0,5.88
1ta00ar,bangalore,Appreciation for the people of this city: a motorcycle accident tale,"Recently, while I was coming back from watching a movie alone, my bike skidded near Sony Signal Koramangala and I fell on my right arm. 

It was a surreal experience. The signal was green as the batch of vehicles around me approached the junction. Everyone was rushing a bit to pass through before it changes to red. There was a bus in front of me going leisurely, with plenty of space on the right. I accelerated and overtook, successfully and peacefully. I must have been at a speed of around 40 Kmph. 

But soon after I came back in front of the bus, to the left lane, and slowed down, my bike went over a bad patch of road covered in gravel and dust. The rear tyre lost traction. I tried to control it but the balance was off and the bike skidded and slid. Instinctively, I took out my right arm and the full force of me and the bike came on it as we came to a halt.

I got up, went to the footpath and just sat. People stopped. People assembled. Helped me remove my helmet and glasses. I remembe","Appreciation for the people of this city: a motorcycle accident tale Recently, while I was coming back from watching a movie alone, my bike skidded near Sony Signal Koramangala and I fell on my right arm. 

It was a surreal experience. The signal was green as the batch of vehicles around me approached the junction. Everyone was rushing a bit to pass through before it changes to red. There was a bus in front of me going leisurely, with plenty of space on the right. I accelerated and overtook, successfully and peacefully. I must have been at a speed of around 40 Kmph. 

But soon after I came back in front of the bus, to the left lane, and slowed down, my bike went over a bad patch of road covered in gravel and dust. The rear tyre lost traction. I tried to control it but the balance was off and the bike skidded and slid. Instinctively, I took out my right arm and the full force of me and the bike came on it as we came to a halt.

I got up, went to the footpath and just sat. People stopped. People assembled. Helped me remove my helmet and glasses. I remember images of 3-4 different bottles of water in front of my eyes. They asked me how I was doing and what happened, in Kannada, English and Hindi. They put my bike to the side, took out the key and handed it over to me. 

I was in shock. I knew I was hurt. But the adrenaline rush had led to the pain not kicking in just yet. I was unable to move my right arm. I still thought I'd be able to shake it off and ride back home on the bik",129,12,https://reddit.com/r/bangalore/comments/1ta00ar/appreciation_for_the_people_of_this_city_a/,2026-05-11,hot,153,True,Motorcycle accident due to skidding on the road,other,motorcyclists in urban areas,8,9,common,[],lack of road safety measures or accident prevention systems,"Develop a road safety app or device that alerts motorcyclists to potential hazards, such as slippery roads or upcoming intersections",Subscription-based model or in-app purchases for premium features,medium,my bike skidded,5.0,1.53,5.88
1tc5jsy,developersIndia,Anyone here actually grinding for tech placements/jobs rn?,"Looking for serious people who are studying daily for 6-7 hours or more - LeetCode, web dev, projects, DSA, interview prep, whatever - and want a buddy to stay accountable

We can sit in a meet, screen share while studying, set daily goals, keep each other focused, etc.

Preferably Indians because similar language + timings + same placement/job market struggle.

And please don’t DM if you’re gonna vanish after 2 days. Looking for people who are genuinely ready to lock in for the next few months.","Anyone here actually grinding for tech placements/jobs rn? Looking for serious people who are studying daily for 6-7 hours or more - LeetCode, web dev, projects, DSA, interview prep, whatever - and want a buddy to stay accountable

We can sit in a meet, screen share while studying, set daily goals, keep each other focused, etc.

Preferably Indians because similar language + timings + same placement/job market struggle.

And please don’t DM if you’re gonna vanish after 2 days. Looking for people who are genuinely ready to lock in for the next few months.",47,42,https://reddit.com/r/developersIndia/comments/1tc5jsy/anyone_here_actually_grinding_for_tech/,2026-05-13,hot,131,True,Lack of accountability and motivation while studying for tech placements and jobs,support,students and job seekers in the tech industry,8,9,common,['LeetCode'],lack of human interaction and accountability,"A virtual study buddy platform for tech job seekers, offering features like screen sharing and goal setting",Subscription-based model with tiered pricing for individual and group study sessions,medium,stay accountable,5.0,1.31,5.83
1t76h4u,ProductManagement,Working with a strong engineer with almost zero emotional intelligence?,"I’m working with an engineer who is technically very strong, but collaborating with him is exhausting. 

He dismisses ideas too quickly, turn normal product discussions into debates, and make stakeholders feel stupid for asking reasonable questions. The problem is: he's often right technically, but the way they communicate kills trust and slows everything down.

As a PM, I don’t want to “manage the personality,” but their behavior is now affecting product decisions and team alignment.

How do you handle this without becoming their therapist or escalating every awkward interaction?","Working with a strong engineer with almost zero emotional intelligence? I’m working with an engineer who is technically very strong, but collaborating with him is exhausting. 

He dismisses ideas too quickly, turn normal product discussions into debates, and make stakeholders feel stupid for asking reasonable questions. The problem is: he's often right technically, but the way they communicate kills trust and slows everything down.

As a PM, I don’t want to “manage the personality,” but their behavior is now affecting product decisions and team alignment.

How do you handle this without becoming their therapist or escalating every awkward interaction?",120,84,https://reddit.com/r/ProductManagement/comments/1t76h4u/working_with_a_strong_engineer_with_almost_zero/,2026-05-08,hot,288,True,Collaborating with a technically strong but emotionally unintelligent engineer is exhausting and affects team alignment.,workflow,product managers at startups,8,7,common,[],lack of effective communication and conflict resolution tools,"A platform for improving team communication and conflict resolution, or a tool for assessing and developing emotional intelligence in technical teams.",Subscription-based model with tiered pricing for teams and organizations,medium,kills trust and slows everything down,5.0,2.88,5.72
1takmva,startups,Is going public/IPO actually that bad? I will not promote,"From what I've read, going public sounds terrible. Brian Chesky of AirBnB said it was one of the saddest days of his life lmao.

  
Here is what I specifically hear is bad:

\-Loss of founder control and potential to be ousted

\-Massive dilution

\-You gotta follow the VC treadmill of constantly raising to get there

\-Forced focus on short-term instead of long-term goals to meet quarterly earning expectations.

  
To what extent are these things true and are there any ways to prevent them? If you don't wanna sell your company but are raising a round, would you also rule out IPOs as a liquidity event because of the downsides, potentially cutting out investment opportunities?","Is going public/IPO actually that bad? I will not promote From what I've read, going public sounds terrible. Brian Chesky of AirBnB said it was one of the saddest days of his life lmao.

  
Here is what I specifically hear is bad:

\-Loss of founder control and potential to be ousted

\-Massive dilution

\-You gotta follow the VC treadmill of constantly raising to get there

\-Forced focus on short-term instead of long-term goals to meet quarterly earning expectations.

  
To what extent are these things true and are there any ways to prevent them? If you don't wanna sell your company but are raising a round, would you also rule out IPOs as a liquidity event because of the downsides, potentially cutting out investment opportunities?",50,42,https://reddit.com/r/startups/comments/1takmva/is_going_publicipo_actually_that_bad_i_will_not/,2026-05-12,hot,134,True,Founders fear losing control and facing short-term pressures after going public,process,Startup founders considering IPO,8,6,common,[],Lack of guidance on maintaining control and long-term focus after IPO,"A platform offering IPO preparation and governance tools, helping founders maintain control and prioritize long-term goals",Subscription-based model with tiered pricing for different stages of IPO preparation,high,one of the saddest days of his life,7.5,1.34,5.71
1tcpqvx,personalfinanceindia,I took a 38 lakh loan for a foreign MBA that felt good on paper. Biggest financial mistake of my life. Don't do what I did without running the actual numbers first.,"Gonna be honest about something I don't talk about much

few years back i decided to do an MBA abroad. not because i had some grand plan or a specific career goal. it just felt good on paper. foreign degree, international exposure, better prospects. you know how the pitch goes. everyone around me seemed to be doing it and it felt like the right move at the right time.

took a 38 lakh loan. packed my bags. went.

and then real life happened.

the experience was fine. the degree was fine. but life abroad was nothing like what i had built up in my head. the job market when i graduated was not what it was when i applied. offers didn't come the way i expected. the whole thing just didn't play out the way it was advertised to me. by anyone.

came back to India. degree in hand. loan very much still there.

spent the next two years just paying it off. and what i remember most about that period is not the struggle exactly. it's just that everything felt slowed down. financially i was standing s","I took a 38 lakh loan for a foreign MBA that felt good on paper. Biggest financial mistake of my life. Don't do what I did without running the actual numbers first. Gonna be honest about something I don't talk about much

few years back i decided to do an MBA abroad. not because i had some grand plan or a specific career goal. it just felt good on paper. foreign degree, international exposure, better prospects. you know how the pitch goes. everyone around me seemed to be doing it and it felt like the right move at the right time.

took a 38 lakh loan. packed my bags. went.

and then real life happened.

the experience was fine. the degree was fine. but life abroad was nothing like what i had built up in my head. the job market when i graduated was not what it was when i applied. offers didn't come the way i expected. the whole thing just didn't play out the way it was advertised to me. by anyone.

came back to India. degree in hand. loan very much still there.

spent the next two years just paying it off. and what i remember most about that period is not the struggle exactly. it's just that everything felt slowed down. financially i was standing still while everyone around me seemed to be moving forward. every month a chunk of my salary just gone before i could do anything with it. no investments. no savings. no room to take risks. just EMI and patience.

i'm fine now. but i think about that period a lot.

because every week i see threads here where someone is asking if they ",220,69,https://reddit.com/r/personalfinanceindia/comments/1tcpqvx/i_took_a_38_lakh_loan_for_a_foreign_mba_that_felt/,2026-05-14,hot,358,True,Taking a large loan for an MBA abroad without considering the actual financial implications,other,Individuals considering pursuing an MBA abroad,8,6,common,[],Lack of personalized financial planning and career guidance for MBA aspirants,A financial planning tool that helps individuals calculate the actual cost of an MBA abroad and provides personalized career guidance,Subscription-based model or one-time consulting fee,medium,Biggest financial mistake,5.0,3.58,5.64
1szvi38,indiehackers,I was spending hours on content instead of building. So I built a tool to fix it.," I'm a builder. I like shipping products, not writing captions.                                                                                                                     

But I kept hearing the same thing you have to post consistently or no one finds your work. So I tried. And I hated it.                                                                                                               

Every week I'd sit down to write content and just... stall. Coming up with ideas, writing scripts, reformatting the  same thing for X, LinkedIn, TikTok it was a part-time job I never signed up for.

So I did what builders do. I built something to solve it.                                                             

**Script7** turns an idea into a full script, then repurposes it across every platform automatically. It also generates thumbnails and publishes directly to X and LinkedIn. The whole pipeline idea to published in one place.

I launched quietly. 54 people signed up wit","I was spending hours on content instead of building. So I built a tool to fix it.  I'm a builder. I like shipping products, not writing captions.                                                                                                                     

But I kept hearing the same thing you have to post consistently or no one finds your work. So I tried. And I hated it.                                                                                                               

Every week I'd sit down to write content and just... stall. Coming up with ideas, writing scripts, reformatting the  same thing for X, LinkedIn, TikTok it was a part-time job I never signed up for.

So I did what builders do. I built something to solve it.                                                             

**Script7** turns an idea into a full script, then repurposes it across every platform automatically. It also generates thumbnails and publishes directly to X and LinkedIn. The whole pipeline idea to published in one place.

I launched quietly. 54 people signed up without me running a single ad.                                               

 I'm not here to pitch you. I just wanted to share it with people who'd actually get why it exists builders who know content matters but hate that it takes so long. 

If you're in that boat, happy to share the link in the comments.                      ",32,159,https://reddit.com/r/indiehackers/comments/1szvi38/i_was_spending_hours_on_content_instead_of/,2026-04-30,hot,350,True,Spending too much time creating content instead of building products,workflow,Solo SaaS founders and indie hackers,8,6,common,[],Lack of automated content creation tools for builders,"Automated content creation tool for social media platforms, allowing builders to focus on product development",Subscription-based model with tiered pricing,medium,"I like shipping products, not writing captions",5.0,3.5,5.62
1tcmwmh,startups,"Deep tech founders, what is your real blocker right now? (I will not promote)","I am starting soon at an ecosystem builder and VC focused on deep tech. Before I form opinions from the inside, I want to hear from founders building in this space about where things are genuinely hard, especially if you are in Agrifood, Sustainability, Advanced Manufacturing, Health &amp; Biotech, and Quantum.

A few specific areas I am trying to understand:

What is actually slowing you down right now? I am interested in the unglamorous stuff like procurement delays, hiring bottlenecks, lab time, regulatory ambiguity, anything that does not show up in founder podcasts or even marketing?

For those who have raised or tried to, what was the hardest part? Translating deep technical risk to VCs, finding funds with real domain depth, milestone-based tranching, valuation expectations in long-horizon plays?

How did you land on the right problem to solve? Did you start from a technology capability looking for a market, or a market need that demanded new technology? What do you wish someone ","Deep tech founders, what is your real blocker right now? (I will not promote) I am starting soon at an ecosystem builder and VC focused on deep tech. Before I form opinions from the inside, I want to hear from founders building in this space about where things are genuinely hard, especially if you are in Agrifood, Sustainability, Advanced Manufacturing, Health &amp; Biotech, and Quantum.

A few specific areas I am trying to understand:

What is actually slowing you down right now? I am interested in the unglamorous stuff like procurement delays, hiring bottlenecks, lab time, regulatory ambiguity, anything that does not show up in founder podcasts or even marketing?

For those who have raised or tried to, what was the hardest part? Translating deep technical risk to VCs, finding funds with real domain depth, milestone-based tranching, valuation expectations in long-horizon plays?

How did you land on the right problem to solve? Did you start from a technology capability looking for a market, or a market need that demanded new technology? What do you wish someone had told you earlier in that process?

How are you balancing technical superiority with commercial viability? Where have you been pushed to compromise on one for the sake of the other, and how did that play out?

Excited for the opportunity to connect and have honest conversations with founders.",5,46,https://reddit.com/r/startups/comments/1tcmwmh/deep_tech_founders_what_is_your_real_blocker/,2026-05-14,hot,97,True,Deep tech founders face unglamorous challenges like procurement delays and regulatory ambiguity,process,Deep tech founders,6,8,common,[],Lack of support for unglamorous challenges,"A platform offering procurement and regulatory support for deep tech founders, streamlining their workflow",Subscription-based model with tiered pricing,high,What's slowing you down?,7.5,0.97,5.62
1tc2isp,Entrepreneur,How to un-burn out?,"I've been burnt out for over half a year and I honestly don't know how to get out of it.  I am a single-person architectural firm with occasional help.

Some background:

I really started doing business development for the first time last year since things were slow.  Mainly going to events and networking, but also working on my website and overall marketing strategy.  I created a lot of promotional material like folders a literature I give to new clients, which I think has had a positive effect.  I lost a ton of money with a Facebook ad strategy that went nowhere.  Hired professionals to photograph some of my work, since that's one of the most important things I can do from a marketing perspective, and my firm doesn't really have any.  Burned through my cash cushion so that's added some stress, especially since I've got two kids in pre-school draining my savings account.

Anywhere, somewhere in the fall I got a bad client who created a construction problem and then wouldn't pay for it","How to un-burn out? I've been burnt out for over half a year and I honestly don't know how to get out of it.  I am a single-person architectural firm with occasional help.

Some background:

I really started doing business development for the first time last year since things were slow.  Mainly going to events and networking, but also working on my website and overall marketing strategy.  I created a lot of promotional material like folders a literature I give to new clients, which I think has had a positive effect.  I lost a ton of money with a Facebook ad strategy that went nowhere.  Hired professionals to photograph some of my work, since that's one of the most important things I can do from a marketing perspective, and my firm doesn't really have any.  Burned through my cash cushion so that's added some stress, especially since I've got two kids in pre-school draining my savings account.

Anywhere, somewhere in the fall I got a bad client who created a construction problem and then wouldn't pay for it.  I witheld my work until it was paid and he threatened to sue me, citing a bunch of nonsense like ""compensation for taking time off work to deal with XYZ...""  He's wealthy so the threat worked, and I had to go through all the insurance and all that.  In the end he was bluffing and went away and everything's fine now, but for 3 months I was a wreck.

Work is finally starting to pick up this spring after what was basically an entire year of nearly dead stream of inquiries com",51,94,https://reddit.com/r/Entrepreneur/comments/1tc2isp/how_to_unburn_out/,2026-05-13,hot,239,True,The user is experiencing burnout as a solo entrepreneur,workflow,solo entrepreneurs and small business owners,8,7,common,[],lack of personalized support and resources for solo entrepreneurs,"A burnout prevention platform with personalized coaching and community support, offering tools and strategies for solo entrepreneurs to manage their workload and prioritize self-care",Subscription-based model with tiered pricing for different levels of support,medium,burnt out for over half a year,5.0,2.39,5.6
1t23bhi,indiehackers,"my ""MVP"" had 11 features and I wondered why nobody used it","I built what I thought was a minimal version of my app. Took me about 4 months. Had user auth, a dashboard, notifications, integrations with 3 different tools, an onboarding flow, settings page, the whole thing. I genuinely believed all of it was essential.

  
Launched it to a few communities. Got some signups but almost zero retention. People would create an account and just... leave. I kept thinking the product wasn't good enough so I added more stuff. A feedback widget. Better analytics. Dark mode because obviously that was the problem.

  
Then I talked to someone who actually signed up and asked why they bounced. They said ""I couldn't figure out what it does in the first 30 seconds."" That hit me. I had built so much that the core value was buried under layers of features nobody asked for.

  
So I stripped it down. Like, aggressively. Took out everything except the one thing that solved the actual problem. No dashboard, no settings, no integrations. Just the thing. Took me a week","my ""MVP"" had 11 features and I wondered why nobody used it I built what I thought was a minimal version of my app. Took me about 4 months. Had user auth, a dashboard, notifications, integrations with 3 different tools, an onboarding flow, settings page, the whole thing. I genuinely believed all of it was essential.

  
Launched it to a few communities. Got some signups but almost zero retention. People would create an account and just... leave. I kept thinking the product wasn't good enough so I added more stuff. A feedback widget. Better analytics. Dark mode because obviously that was the problem.

  
Then I talked to someone who actually signed up and asked why they bounced. They said ""I couldn't figure out what it does in the first 30 seconds."" That hit me. I had built so much that the core value was buried under layers of features nobody asked for.

  
So I stripped it down. Like, aggressively. Took out everything except the one thing that solved the actual problem. No dashboard, no settings, no integrations. Just the thing. Took me a weekend to rebuild it that way.

  
Retention went from basically nothing to about 40% of people coming back the next week. Same audience, same channels, just way less product.

  
I think the trap is that building feels productive. Every feature you add feels like progress. But for the user it's just more stuff to figure out before they get to the part that matters. Your MVP should almost feel embarrassing, like you shipped too early. If it",51,130,https://reddit.com/r/indiehackers/comments/1t23bhi/my_mvp_had_11_features_and_i_wondered_why_nobody/,2026-05-03,hot,311,True,Founder's MVP had low user retention despite many features,onboarding,solo SaaS founders and indie hackers,8,6,common,[],lack of understanding of what features are truly essential,"A tool to help founders prioritize and validate MVP features, reducing waste and increasing user engagement",Subscription-based model with tiered pricing for solo founders and teams,medium,nobody used it,5.0,3.11,5.53
1t63m4e,Entrepreneur,The difficult transition. Moving from creating a job to a business.,"The business starts to get some momentum. Money is starting to come in. I'm still doing everything myself. 

It can be tempting once the business starts to support itself, to start operating in the confines of whatever cash is coming in. As against continuing to invest, scaling with help etc.

 I recently found myself in this position, and for a month or so my head went to 'this is my job' rather than 'this is my business'.

I dont want to build a job. Ive done that before. I want to build a business that can steadily scale. The only way to do that in my business is systemise all the repeatable tasks and develop training material for every single job i do. Its tedious, time-consuming but critical if I want others to do the work and leave me to do what i do best..sell products. Hoping someone better than me can eventually do that as well.

Cost of hiring has to be seen as investment in the first 24-36 months imo. Its hard to not just start scraping off the top, buying a Tesla or whateve","The difficult transition. Moving from creating a job to a business. The business starts to get some momentum. Money is starting to come in. I'm still doing everything myself. 

It can be tempting once the business starts to support itself, to start operating in the confines of whatever cash is coming in. As against continuing to invest, scaling with help etc.

 I recently found myself in this position, and for a month or so my head went to 'this is my job' rather than 'this is my business'.

I dont want to build a job. Ive done that before. I want to build a business that can steadily scale. The only way to do that in my business is systemise all the repeatable tasks and develop training material for every single job i do. Its tedious, time-consuming but critical if I want others to do the work and leave me to do what i do best..sell products. Hoping someone better than me can eventually do that as well.

Cost of hiring has to be seen as investment in the first 24-36 months imo. Its hard to not just start scraping off the top, buying a Tesla or whatever entrepreneurs do. 

Im trying to learn from past mistakes. Keep the foot on the accelerator. Invest profit into growth. 

And personally i plan on buying one of those nice boats you can sleep on. 😆 one day",66,115,https://reddit.com/r/Entrepreneur/comments/1t63m4e/the_difficult_transition_moving_from_creating_a/,2026-05-07,hot,296,True,Entrepreneurs struggle to transition from creating a job to building a scalable business,process,solo entrepreneurs and small business owners,8,6,common,[],lack of guidance on systemizing and scaling,A business scaling toolkit or consultant service to help entrepreneurs systemize and grow,Subscription-based model or one-time consulting fees,medium,I dont want to build a job,5.0,2.96,5.49
1t7s9h2,ProductManagement,Ethics of AI,"Am I the only one struggling with the ethics of AI? I definitely see it's usefulness, and my company is embracing it wholeheartedly (and recklessly). I'm not in an industry where the ethical implications of AI come into play much, and we certainly aren't leading out on AI development or anything, but I'm starting to really struggle with the embrace of AI when there are so many ethical problems with it (at least from my perspective). Anyone else?","Ethics of AI Am I the only one struggling with the ethics of AI? I definitely see it's usefulness, and my company is embracing it wholeheartedly (and recklessly). I'm not in an industry where the ethical implications of AI come into play much, and we certainly aren't leading out on AI development or anything, but I'm starting to really struggle with the embrace of AI when there are so many ethical problems with it (at least from my perspective). Anyone else?",106,90,https://reddit.com/r/ProductManagement/comments/1t7s9h2/ethics_of_ai/,2026-05-09,hot,286,True,Struggling with the ethics of AI adoption in business,other,product managers and business leaders,8,6,common,[],Lack of guidance on ethical AI implementation,"Develop an AI ethics framework and consulting service, providing businesses with tailored guidance on responsible AI adoption",Subscription-based model with tiered pricing for different levels of support,medium,struggling with ethics of AI,5.0,2.86,5.46
1sweumr,indiehackers,I got into a bad habit with YouTube… so I built something to fix it (I can't code either!),"I've been trying to grow my main business and as a byproduct of that, I got into a bad habit with YouTube. Basically, most nights I'd get into in bed and fire up YouTube and start watching videos finding it hard to stop... AI, business, side hustles... it was draining and overloading.

Those types of videos aren't relaxing ones either, and 30–40 minutes really adds up and began messing with my sleep.

I didnt really get on top of it either, I'd miss some videos and wasn't really keeping up with them, and i didnt want to miss out...so during the day when I saw those videos I’d missed and didn’t have time to watch them, I started copying the transcript from the video, pasting it into ChatGPT, and asking it to summarise for me.

It worked really well, I got the key points without watching the whole thing. But it was really manual and I'd still miss videos.

This all changed when I began experimenting with Claude, I've always been in ChatGPT but for work i wanted to make sure I wasn't miss","I got into a bad habit with YouTube… so I built something to fix it (I can't code either!) I've been trying to grow my main business and as a byproduct of that, I got into a bad habit with YouTube. Basically, most nights I'd get into in bed and fire up YouTube and start watching videos finding it hard to stop... AI, business, side hustles... it was draining and overloading.

Those types of videos aren't relaxing ones either, and 30–40 minutes really adds up and began messing with my sleep.

I didnt really get on top of it either, I'd miss some videos and wasn't really keeping up with them, and i didnt want to miss out...so during the day when I saw those videos I’d missed and didn’t have time to watch them, I started copying the transcript from the video, pasting it into ChatGPT, and asking it to summarise for me.

It worked really well, I got the key points without watching the whole thing. But it was really manual and I'd still miss videos.

This all changed when I began experimenting with Claude, I've always been in ChatGPT but for work i wanted to make sure I wasn't missing out, and straight away I was impressed.

I thought about trying vibe coding again, or whatever it would be in Claude to build something, and thought why not automate my YouTube summary habit... I'd experimented with lovable about 12 months ago and never really got anywhere with it, whatever i was creating at the time would bug out and never resolve, it got frustrating and I left that whole scene.

I ha",43,166,https://reddit.com/r/indiehackers/comments/1sweumr/i_got_into_a_bad_habit_with_youtube_so_i_built/,2026-04-26,hot,375,True,"The author struggles with mindless YouTube watching before bed, affecting sleep and productivity.",workflow,entrepreneurs and side hustlers,6,7,common,[],lack of personalized tools to track and limit YouTube watching,"A YouTube watching tracker and limiter with personalized recommendations for relaxation content, helping users develop healthier bedtime routines.",Subscription-based model with premium features for advanced tracking and customization,medium,draining and overloading,5.0,3.75,5.44
1tc5dq2,SaaS,Fraud-as-a-Service is the new SaaS,"Every week I see a founder say they hit some insane revenue number after building for like 11 days.   
  
Then you open the product and it’s just a ChatGPT wrapper with a nicer font and a waitlist. 

And somehow every startup already has:  
enterprise clients  
investor interest  
“strong retention""  
and a founder posting screenshots of Stripe in dark mode that they probably got from a telegram group chat

But that's the best part: the revenue math.

“I built this AI tool 3 weeks ago and we already crossed $1M ARR.”

Translation:  
One recruiter accidentally bought the yearly plan.

Also every AI demo now:  
“Watch as our autonomous agent completely replaces a human worker.”

The autonomous agent:

* calls OpenAI API
* waits 11 seconds
* returns malformed JSON
* crashes if you type “hello” too fast

It has definitely lost its original feel. The amount of fake momentum in the space is crazy. Half the ecosystem feels like founders selling subscriptions to other founders so everyone can ","Fraud-as-a-Service is the new SaaS Every week I see a founder say they hit some insane revenue number after building for like 11 days.   
  
Then you open the product and it’s just a ChatGPT wrapper with a nicer font and a waitlist. 

And somehow every startup already has:  
enterprise clients  
investor interest  
“strong retention""  
and a founder posting screenshots of Stripe in dark mode that they probably got from a telegram group chat

But that's the best part: the revenue math.

“I built this AI tool 3 weeks ago and we already crossed $1M ARR.”

Translation:  
One recruiter accidentally bought the yearly plan.

Also every AI demo now:  
“Watch as our autonomous agent completely replaces a human worker.”

The autonomous agent:

* calls OpenAI API
* waits 11 seconds
* returns malformed JSON
* crashes if you type “hello” too fast

It has definitely lost its original feel. The amount of fake momentum in the space is crazy. Half the ecosystem feels like founders selling subscriptions to other founders so everyone can tweet about growth. 

Feels like we skipped “fake it till you make it” and went straight to “fake everything till Series A.” ",118,78,https://reddit.com/r/SaaS/comments/1tc5dq2/fraudasaservice_is_the_new_saas/,2026-05-13,hot,274,True,SaaS founders are frustrated with fake or exaggerated revenue claims by other startups,other,SaaS founders and investors,8,6,common,[],lack of transparency and accountability in revenue reporting,"A platform for verifying and showcasing authentic revenue growth, providing credibility to genuine startups",Subscription-based model with tiered pricing for startups and investors,medium,Fraud-as-a-Service,5.0,2.74,5.44
1szqzkc,indiehackers,I built an app to solve my own problem. Here's what happened after a YouTuber picked it up.,"My university schedule changes every single week. New rooms, shifted times, professors swapping slots last minute:  it was a mess to keep track of. I got tired of manually adding everything to my calendar, so I built an app that does it from a photo: you snap your timetable, it reads it, and creates the events automatically. That's it. Photo2Calendar.

The launch was far from perfect. The UI was rough, some edge cases didn't work, and I pushed it out anyway. Not a lot happened at first.

Then HowToMen, a tech YouTube channel with around 800k subscribers, mentioned it out of nowhere. Downloads spiked hard, way more than I was ready for. Instead of panicking, I used that window to talk to as many users as possible and figure out what was actually broken. That period basically funded the next three months of improvements.

Now the app handles a ton of different input types, the UX is clean, and it works reliably. The traffic from that initial boom turned into word of mouth, app store revi","I built an app to solve my own problem. Here's what happened after a YouTuber picked it up. My university schedule changes every single week. New rooms, shifted times, professors swapping slots last minute:  it was a mess to keep track of. I got tired of manually adding everything to my calendar, so I built an app that does it from a photo: you snap your timetable, it reads it, and creates the events automatically. That's it. Photo2Calendar.

The launch was far from perfect. The UI was rough, some edge cases didn't work, and I pushed it out anyway. Not a lot happened at first.

Then HowToMen, a tech YouTube channel with around 800k subscribers, mentioned it out of nowhere. Downloads spiked hard, way more than I was ready for. Instead of panicking, I used that window to talk to as many users as possible and figure out what was actually broken. That period basically funded the next three months of improvements.

Now the app handles a ton of different input types, the UX is clean, and it works reliably. The traffic from that initial boom turned into word of mouth, app store reviews, and eventually consistent organic growth. We're sitting at around $1k MRR today, fully bootstrapped, no ads.

It started as a personal problem. Turns out a lot of people have the same one: now I'm looking for strategy to grow more and more, I would appreciate any kind of advice, organic growth is good, but it is really difficult to get paid traffic for this kind of utility app.

[photo2calendar.it](h",60,108,https://reddit.com/r/indiehackers/comments/1szqzkc/i_built_an_app_to_solve_my_own_problem_heres_what/,2026-04-30,hot,276,True,University students struggle to keep track of changing schedules.,workflow,University students,6,8,common,[],Manual calendar updates,"Automated schedule tracking app, Photo2Calendar is a good start.",Subscription-based or in-app purchases,medium,I got tired of manually adding everything,5.0,2.76,5.44
1t6oeba,indiehackers,When do you stop?,"I’m building an app and I feel like every day I’m fighting myself to stop adding in new features and to start posting on social media instead. I feel like I’m having trouble deciding on when it’s time to really show off the app and pull the trigger on launch and when it’s better to really fine tune it and add in all the features I want to add. I have around 10 test flight users right now and have had great feedback and I like my positioning but I guess I’m just a bit worried that at launch something will go wrong or even worse no one will even download it and use it to help them. Any suggestions on how to move forward? Should I expand the test flight and only build whatever I get feedback on? Or should I just build in advance and then just push the app instead of non stop building? Would love some insight guys, first time doing this and I’m a few months in and starting to get the launch jitters lmao.

(It’s a gamified habit app…ik the space is crowded but I really feel like I have some","When do you stop? I’m building an app and I feel like every day I’m fighting myself to stop adding in new features and to start posting on social media instead. I feel like I’m having trouble deciding on when it’s time to really show off the app and pull the trigger on launch and when it’s better to really fine tune it and add in all the features I want to add. I have around 10 test flight users right now and have had great feedback and I like my positioning but I guess I’m just a bit worried that at launch something will go wrong or even worse no one will even download it and use it to help them. Any suggestions on how to move forward? Should I expand the test flight and only build whatever I get feedback on? Or should I just build in advance and then just push the app instead of non stop building? Would love some insight guys, first time doing this and I’m a few months in and starting to get the launch jitters lmao.

(It’s a gamified habit app…ik the space is crowded but I really feel like I have some differences here lol)  
Thanks in advance!",12,120,https://reddit.com/r/indiehackers/comments/1t6oeba/when_do_you_stop/,2026-05-08,hot,252,True,The user is struggling to decide when to launch their app and stop adding new features.,workflow,Solo SaaS founders and indie app developers,8,6,common,[],Lack of guidance on when to launch and how to prioritize features,"A launch readiness tool that helps founders prioritize features and determine the optimal launch time, or a feature prioritization platform that provides data-driven insights.",Subscription-based model or one-time consulting services,medium,When do you stop?,5.0,2.52,5.38
1t2yos8,indiehackers,Built a way to ready your future customers minds (kinda),"«Talk to users» is a great advise. But useless when you don’t have users.

We built a tool called Vicaura. You paste in your website or LinkedIn and a few things happen:

AI agents researches your product and finds you the best leads on LinkedIn. Then we run simulated interviews with the leads to get feedback on what the leads actually like, dislike or want to see from your product.

Different from most ai feedback or idea validation tools because it is all based on real people and the system is built on scientific research.

This is what it has unlocked for me as a founder:

\- No more guessing  
\- No more cold outreach to randoms  
\- Saved a lot of time gathering feedback  
\- Stopped wasting money and time building useless features

We are trying to build the perfect tool for a product manager, vibe coder or founder trying to decide what to build next.

Would love brutal feedback! What do you think of the idea?

Edit: spelling error in the title btw, seems like I can’t edit the ti","Built a way to ready your future customers minds (kinda) «Talk to users» is a great advise. But useless when you don’t have users.

We built a tool called Vicaura. You paste in your website or LinkedIn and a few things happen:

AI agents researches your product and finds you the best leads on LinkedIn. Then we run simulated interviews with the leads to get feedback on what the leads actually like, dislike or want to see from your product.

Different from most ai feedback or idea validation tools because it is all based on real people and the system is built on scientific research.

This is what it has unlocked for me as a founder:

\- No more guessing  
\- No more cold outreach to randoms  
\- Saved a lot of time gathering feedback  
\- Stopped wasting money and time building useless features

We are trying to build the perfect tool for a product manager, vibe coder or founder trying to decide what to build next.

Would love brutal feedback! What do you think of the idea?

Edit: spelling error in the title btw, seems like I can’t edit the title ahaha.  
\*READ your future customers minds\*",28,104,https://reddit.com/r/indiehackers/comments/1t2yos8/built_a_way_to_ready_your_future_customers_minds/,2026-05-04,hot,236,True,Founders struggle to get feedback from potential users when they don't have an existing user base,workflow,solo SaaS founders and early-stage startup founders,6,8,common,['Vicaura'],lack of real user feedback and reliance on AI-generated ideas,"A tool that connects founders with potential users for feedback, leveraging AI for lead generation and interview simulation",Subscription-based model with tiered pricing for lead generation and feedback analysis,medium,"Talk to users is great advise, but useless when you don't have users",5.0,2.36,5.34
1t2rjlh,Entrepreneur,the only marketing channel that consistently worked for me across every business stage,"I've tried most of the obvious stuff over the years. Paid ads, cold email, LinkedIn outreach, Product Hunt, SEO blogging. Some of it worked in flashes. None of it compounded the way one thing did.

Showing up in communities and actually being useful.

Not leaving links and Not pitching.   
  
Just genuinely helping people who were already asking questions I knew how to answer. Reddit threads, niche Slack groups, LinkedIn comment sections. Wherever my actual customers were talking.

The conversion rate on those conversations was embarrassing compared to everything else I spent money on. Someone who finds you because you solved their problem in public trusts you before they've even visited your website.

The hard part is that it doesn't feel like marketing. There's no dashboard, no cost per click, no clear attribution. You help someone, they remember your name three weeks later, they reach out. The feedback loop is slow and invisible until it isn't.

What made it harder to sustain was ju","the only marketing channel that consistently worked for me across every business stage I've tried most of the obvious stuff over the years. Paid ads, cold email, LinkedIn outreach, Product Hunt, SEO blogging. Some of it worked in flashes. None of it compounded the way one thing did.

Showing up in communities and actually being useful.

Not leaving links and Not pitching.   
  
Just genuinely helping people who were already asking questions I knew how to answer. Reddit threads, niche Slack groups, LinkedIn comment sections. Wherever my actual customers were talking.

The conversion rate on those conversations was embarrassing compared to everything else I spent money on. Someone who finds you because you solved their problem in public trusts you before they've even visited your website.

The hard part is that it doesn't feel like marketing. There's no dashboard, no cost per click, no clear attribution. You help someone, they remember your name three weeks later, they reach out. The feedback loop is slow and invisible until it isn't.

What made it harder to sustain was just time. Staying genuinely active across multiple places, at a pace that actually builds presence, is brutal when you're also running the actual business.

Curious what's worked for others here. And whether anyone's found a way to stay consistent with community engagement without it eating your whole day..",58,85,https://reddit.com/r/Entrepreneur/comments/1t2rjlh/the_only_marketing_channel_that_consistently/,2026-05-03,hot,228,True,Traditional marketing channels are ineffective for consistent growth,workflow,Solo SaaS founders and entrepreneurs,6,8,common,"['Paid ads', 'cold email', 'LinkedIn outreach', 'Product Hunt', 'SEO blogging']",Lack of genuine engagement and community building,"A platform for community-driven marketing, facilitating meaningful interactions between businesses and their target audiences",Subscription-based model with tiered pricing for businesses of different sizes,medium,Showing up in communities and being useful,5.0,2.28,5.32
1ssewaf,indiehackers,something different than any other marketing apps,"While I was in college, I built a voice dictation app. Got few users. But balancing college, building the app and marketing it was a nightmare. I even tried some automation tools, pure shit. lol.

Every AI writing tool out there starts from a blank prompt, or just your brand details. You type ""write me a LinkedIn post about launching my product"" and it spits out something that sounds like every other founder on your feed.

But what if the input was already there? What if the raw material was all the stuff you actually said while doing the work?

That's when I pivoted Mahasen from a voice dictation app into a marketing agent. Took me two entire months till the launch (which is today)

The whole time I was obsessed with one thing. Every piece of output had to provide value to the reader while being engaging. I think it made all the difference.

Mahasen AI - **Voice Type while you build. Ship posts that sound like you**

It's a Marketing agent with a built in voice typing app. You voice t","something different than any other marketing apps While I was in college, I built a voice dictation app. Got few users. But balancing college, building the app and marketing it was a nightmare. I even tried some automation tools, pure shit. lol.

Every AI writing tool out there starts from a blank prompt, or just your brand details. You type ""write me a LinkedIn post about launching my product"" and it spits out something that sounds like every other founder on your feed.

But what if the input was already there? What if the raw material was all the stuff you actually said while doing the work?

That's when I pivoted Mahasen from a voice dictation app into a marketing agent. Took me two entire months till the launch (which is today)

The whole time I was obsessed with one thing. Every piece of output had to provide value to the reader while being engaging. I think it made all the difference.

Mahasen AI - **Voice Type while you build. Ship posts that sound like you**

It's a Marketing agent with a built in voice typing app. You voice type into Cursor, Claude, your email, anywhere you normally type. Then it turns your voice history into LinkedIn, X, Reddit posts. Posts saying what you genuinely did &amp; actually sounds like you wrote.

Claude Code removed the need to type code line by line in the editor. Mahasen does the same thing for your stories. You already said it while building. Now it just becomes a post. No need to type out the post draft.

PS: We launched!. **If you'r",21,100,https://reddit.com/r/indiehackers/comments/1ssewaf/something_different_than_any_other_marketing_apps/,2026-04-22,new,221,True,Current AI writing tools don't provide unique content,missing_feature,solo SaaS founders and indie hackers,8,6,common,"['AI writing tools', 'automation tools']",lack of personalized and unique content generation,"Develop an AI writing tool that uses user's existing voice recordings or conversations as input to generate unique content, such as social media posts or product descriptions",Subscription-based model with tiered pricing for different levels of content generation,medium,pure shit,5.0,2.21,5.3
1tcs7ed,india,Patience Is Mistaken For Helplessness In This Country,"Today milk got ₹2 more expensive. In a few days petrol prices will probably go up too. And suddenly the government starts throwing advice everywhere... “don’t buy gold”, “work from home”, “reduce petrol consumption”. Seriously asking, what exactly is the common man supposed to do?

It feels like everyone wants sacrifices only from the middle class. Every burden gets pushed onto ordinary people and then we’re told “global situation”, “economic pressure”, “adjust”. Salaries are mostly stagnant, jobs are already scarce, rent keeps increasing, groceries keep getting expensive, and now even basic necessities are slowly starting to feel like luxuries.

And unemployed people or job seekers have it even worse. Companies openly disrespect candidates’ time and dignity now. Small example... Day before yesterdayy Wipro had a walk-in interview. The mail clearly mentioned the process would begin by 12:30 PM. People travelled, stood in long lines for hours, waited patiently, and the process finally s","Patience Is Mistaken For Helplessness In This Country Today milk got ₹2 more expensive. In a few days petrol prices will probably go up too. And suddenly the government starts throwing advice everywhere... “don’t buy gold”, “work from home”, “reduce petrol consumption”. Seriously asking, what exactly is the common man supposed to do?

It feels like everyone wants sacrifices only from the middle class. Every burden gets pushed onto ordinary people and then we’re told “global situation”, “economic pressure”, “adjust”. Salaries are mostly stagnant, jobs are already scarce, rent keeps increasing, groceries keep getting expensive, and now even basic necessities are slowly starting to feel like luxuries.

And unemployed people or job seekers have it even worse. Companies openly disrespect candidates’ time and dignity now. Small example... Day before yesterdayy Wipro had a walk-in interview. The mail clearly mentioned the process would begin by 12:30 PM. People travelled, stood in long lines for hours, waited patiently, and the process finally started around 3 PM. After all that? They just collected CVs and said, “We’ll call you later.”

Seriously? If shortlisting was going to happen later anyway, why call hundreds of people for a walk-in? Is people’s time free? Is travel free? Is energy free? Many candidates come from different cities carrying hope that maybe this interview could change something for them. And in the end all they get is a generic HR smile and “we’ll get back to you",69,24,https://reddit.com/r/india/comments/1tcs7ed/patience_is_mistaken_for_helplessness_in_this/,2026-05-14,hot,117,True,Middle class struggles with rising expenses and stagnant salaries,pricing,Middle class individuals in India,8,7,widespread,[],Lack of effective financial management tools and resources,"A personal finance management app that provides budgeting and expense tracking features, offering tailored advice for middle class individuals in India",Freemium model with premium features and partnerships with financial institutions,medium,Everyone wants sacrifices from middle class,5.0,1.17,5.29
1tbm6gv,bangalore,Traffic alert: Accident on Ragigudda flyover towards Silk Board,"There's an accident on the Ragigudda flyover from BSK to Silk Board side. Driver of an Innova seems to have fallen asleep behind the wheels and have hit the right side walls. Traffic police are on spot to let vehicles flow through the left side.

Expect slow moving vehicles until the damaged vehicle is towed away.","Traffic alert: Accident on Ragigudda flyover towards Silk Board There's an accident on the Ragigudda flyover from BSK to Silk Board side. Driver of an Innova seems to have fallen asleep behind the wheels and have hit the right side walls. Traffic police are on spot to let vehicles flow through the left side.

Expect slow moving vehicles until the damaged vehicle is towed away.",160,24,https://reddit.com/r/bangalore/comments/1tbm6gv/traffic_alert_accident_on_ragigudda_flyover/,2026-05-13,hot,208,True,Accident on Ragigudda flyover causes traffic congestion,other,daily commuters in Bangalore,6,8,common,[],lack of real-time traffic updates and accident alerts,"Develop a real-time traffic alert system to notify commuters of accidents and congestion, providing alternative routes to minimize delays",subscription-based model or in-app advertisements,medium,Accident on Ragigudda flyover,5.0,2.08,5.27
1t1rg6l,indiehackers,How do you get customer from cold DMs?,"Hi everyone, 

I m dm ing people to get customer. Its ealry phase. I do thing that dont scale. I dm them manually. Since my target customer is videographer i reach out them through instagram. 

Before that i tried to reach out my potential customer in linkedin but performance not good, i think my customer not in linkedin, from 100 people i add connection, less than 10 accepted, that swhy i move to instagram. 

But again, i feel doubt about what i am doing. 

Before i quite confident in get bera user since it like exchange benefit, now i want to focus to get customer. 

Currently what i did is send dm with copy like

Hey name,

Quick question. Do you have problem with \[issue i want to solve\]

After they reply then i pitch the product.

Now, Some of them reply, so far i got 2 replied from 30 dms. I know it still early, i need more dms to get better measurement. 

Thats why i want to learn from you guys to get customer from dms. 

How you craft copy to cold dms? 

Any tips ? Should i st","How do you get customer from cold DMs? Hi everyone, 

I m dm ing people to get customer. Its ealry phase. I do thing that dont scale. I dm them manually. Since my target customer is videographer i reach out them through instagram. 

Before that i tried to reach out my potential customer in linkedin but performance not good, i think my customer not in linkedin, from 100 people i add connection, less than 10 accepted, that swhy i move to instagram. 

But again, i feel doubt about what i am doing. 

Before i quite confident in get bera user since it like exchange benefit, now i want to focus to get customer. 

Currently what i did is send dm with copy like

Hey name,

Quick question. Do you have problem with \[issue i want to solve\]

After they reply then i pitch the product.

Now, Some of them reply, so far i got 2 replied from 30 dms. I know it still early, i need more dms to get better measurement. 

Thats why i want to learn from you guys to get customer from dms. 

How you craft copy to cold dms? 

Any tips ? Should i straight forward offering like discount , trial ? 

Or what better approach ?",20,91,https://reddit.com/r/indiehackers/comments/1t1rg6l/how_do_you_get_customer_from_cold_dms/,2026-05-02,hot,202,True,Struggling to acquire customers through cold DMs on social media,workflow,Solo founders and small business owners,6,8,common,"['LinkedIn', 'Instagram']",Lack of effective tools for cold outreach and customer acquisition,"A personalized cold email or DM automation tool, or a platform for connecting with potential customers",Subscription-based model or pay-per-lead,medium,I feel doubt about what I am doing,5.0,2.02,5.26
1ta94a8,Entrepreneur,One lesson I learned too late: not every paying client is a good client,"Early on, I used to think every closed deal was a win.

Over time, I realized some of the most exhausting clients were the ones I fought hardest to close.

More revisions, slower decisions, unclear expectations, endless “small additions.”

Meanwhile, the clients who understood the value and moved decisively were often easier to work with.

Revenue matters, but client fit matters more than I realized.","One lesson I learned too late: not every paying client is a good client Early on, I used to think every closed deal was a win.

Over time, I realized some of the most exhausting clients were the ones I fought hardest to close.

More revisions, slower decisions, unclear expectations, endless “small additions.”

Meanwhile, the clients who understood the value and moved decisively were often easier to work with.

Revenue matters, but client fit matters more than I realized.",30,84,https://reddit.com/r/Entrepreneur/comments/1ta94a8/one_lesson_i_learned_too_late_not_every_paying/,2026-05-11,hot,198,True,Difficult clients can be more exhausting than valuable.,workflow,Solo entrepreneurs and small business owners,8,6,common,[],Lack of tools to identify and filter out high-maintenance clients,"A client assessment tool to predict potential difficulties, helping entrepreneurs prioritize high-value clients.",Subscription-based access to the assessment tool,medium,not every paying client is a good client,5.0,1.98,5.24
1sti6d6,indiehackers,Every builder gets his chance,"This post probably belongs on true off my chest but it is very relatable to builders so posting here.

After 9 months as a CTO, which was my dream job since i first stepped into the world of software development, i had quit it.

Initially I blamed AI. I thought my reason to quit was that building some flashy new AI app would be much cooler than building tech infra for a boring accounting startup.

But thanks to ample time after quitting i was able to do some deep introspection and what i found shook me to the core. I discovered who I really am.

For the most part as a software developer I was leading teams. From very early in my career, just 3-5 years in, i was driving junior developers. First at a bootstrap startup then at a well funded unicorn. When you lead a team you are not just a dev, you become the person everyone looks up to. When they face any problem they come to you and it is your job to solve their problem first.

I did this my entire career and honestly i despised it for t","Every builder gets his chance This post probably belongs on true off my chest but it is very relatable to builders so posting here.

After 9 months as a CTO, which was my dream job since i first stepped into the world of software development, i had quit it.

Initially I blamed AI. I thought my reason to quit was that building some flashy new AI app would be much cooler than building tech infra for a boring accounting startup.

But thanks to ample time after quitting i was able to do some deep introspection and what i found shook me to the core. I discovered who I really am.

For the most part as a software developer I was leading teams. From very early in my career, just 3-5 years in, i was driving junior developers. First at a bootstrap startup then at a well funded unicorn. When you lead a team you are not just a dev, you become the person everyone looks up to. When they face any problem they come to you and it is your job to solve their problem first.

I did this my entire career and honestly i despised it for the most part. I was most productive when i am at it all by myself. I always felt people dragged me into silly things they could have solved themselves. But if the only thing running in your mind is deadlines you really can not be blamed for thinking that way.

So what i actually discovered in that introspection period is this. I am a leader but that word sounds too loaded. Put it simply, I jump into problems first before i would allow anyone else to do it.

And when",21,86,https://reddit.com/r/indiehackers/comments/1sti6d6/every_builder_gets_his_chance/,2026-04-23,new,193,True,CTO feels unfulfilled in their dream job due to lack of personal growth and purpose,other,tech leaders and founders,8,6,common,[],lack of tools for self-discovery and purpose alignment in tech careers,"A platform for tech professionals to discover their strengths and passions, and find fulfilling career paths. It could include personality assessments, mentorship, and community support",Subscription-based model with tiered pricing for individuals and teams,medium,I discovered who I really am,5.0,1.93,5.23
1t10a29,indiehackers,Feedback + tips needed on my new (in progress) solo built project 🙏,"Hey dear IndieHacker community 👋

I'm currently building a new product called ""LiveInterp"" which is a live interpretation tool for in-person events, like churches, conferences etc. It works very simply with a ""speaker"" and a ""listener"", where the speaker creates an account and gets a room number assigned, the listener just needs to type in the speaker's room id and can listen to whatever the speaker is saying in the listener's language.

It uses a STT, then translate, then TTS kind of pipeline, with an AI voice (currently using Elevenlabs but it's expensive 😅) speaking in the target's language.

I'm currently in the process of adding more languages for this app. I plan to have 50 languages in total before launching it.

I spent quite a lot of time setting up an accurate translation engine for all the copytext on the website, but if you speak any of the currently already supported languages, please let me know if you see any off-translations. That would be GREAT 😄

Would love to hear wh","Feedback + tips needed on my new (in progress) solo built project 🙏 Hey dear IndieHacker community 👋

I'm currently building a new product called ""LiveInterp"" which is a live interpretation tool for in-person events, like churches, conferences etc. It works very simply with a ""speaker"" and a ""listener"", where the speaker creates an account and gets a room number assigned, the listener just needs to type in the speaker's room id and can listen to whatever the speaker is saying in the listener's language.

It uses a STT, then translate, then TTS kind of pipeline, with an AI voice (currently using Elevenlabs but it's expensive 😅) speaking in the target's language.

I'm currently in the process of adding more languages for this app. I plan to have 50 languages in total before launching it.

I spent quite a lot of time setting up an accurate translation engine for all the copytext on the website, but if you speak any of the currently already supported languages, please let me know if you see any off-translations. That would be GREAT 😄

Would love to hear what your first impressions are of the product, website and offer. I also thought per-use pricing is nice. You just pay for what you use (I think we all have subscription fatigue 😉)

Also I am quite passionate about languages. I myself speak Dutch, English at native level and Mandarin Chinese + Indonesian on intermediary level. So I think I'm in a good position to create a product like this.

Thanks for taking the time to take a l",10,89,https://reddit.com/r/indiehackers/comments/1t10a29/feedback_tips_needed_on_my_new_in_progress_solo/,2026-05-01,hot,188,True,Expensive AI voice solutions hinder live interpretation tool development,pricing,solo SaaS founders and developers of live interpretation tools,6,8,common,['Elevenlabs'],affordable AI voice solutions,"Develop an affordable AI voice solution for live interpretation tools, offering a subscription-based model",subscription-based pricing for access to AI voice solutions,medium,Elevenlabs but it's expensive,5.0,1.88,5.22
1t0r7dv,indiehackers,"After 5 years of avoiding sales, I made 11 sales in 2 months. This is what actually changed","I've been building mobile apps on my own for about 5 years. A few of them made money, a couple didn't. None of them took off big time. And I spent that entire time avoiding sales in any form I could get away with.

The pattern was always the same. I'd ship a product, try whatever marketing channel was hot that month - Meta ads, short-form on IG &amp; TikTok. I'd do it half-assed for a few weeks, see lukewarm numbers, go ""okay, not this one"" or ""the problem is in the product"". Then back to Xcode.

I had a running rotation of explanations I'd tell myself about it. ""The product just isn't good enough yet, let me polish it more."" ""Marketing isn't my thing, I'm a builder."" My favorite: ""if I make it good enough, it'll grow on its own.""  
Translated honestly: I didn't have a distribution plan and I was hoping I'd get lucky. *That's a wish dressed up in builder clothes.*

**The honest answer**

What was actually underneath those stories, I only see now, looking back. Fear of rejection was par","After 5 years of avoiding sales, I made 11 sales in 2 months. This is what actually changed I've been building mobile apps on my own for about 5 years. A few of them made money, a couple didn't. None of them took off big time. And I spent that entire time avoiding sales in any form I could get away with.

The pattern was always the same. I'd ship a product, try whatever marketing channel was hot that month - Meta ads, short-form on IG &amp; TikTok. I'd do it half-assed for a few weeks, see lukewarm numbers, go ""okay, not this one"" or ""the problem is in the product"". Then back to Xcode.

I had a running rotation of explanations I'd tell myself about it. ""The product just isn't good enough yet, let me polish it more."" ""Marketing isn't my thing, I'm a builder."" My favorite: ""if I make it good enough, it'll grow on its own.""  
Translated honestly: I didn't have a distribution plan and I was hoping I'd get lucky. *That's a wish dressed up in builder clothes.*

**The honest answer**

What was actually underneath those stories, I only see now, looking back. Fear of rejection was part of it - though I'd never have named it that at the time. If I had, it would've been a decent starting point. I just thought I was a builder working on making the product better. The heavier one, and the harder to admit, was ego.

I didn't want to prove anything to anyone. I didn't want to sit and think about what some random person needed from their day. I wanted to build the product the way I saw it in",14,85,https://reddit.com/r/indiehackers/comments/1t0r7dv/after_5_years_of_avoiding_sales_i_made_11_sales/,2026-05-01,hot,184,True,Struggling to effectively market and sell mobile apps despite trying various channels,workflow,Solo mobile app developers and indie hackers,8,6,common,"['Meta ads', 'IG', 'TikTok']",Lack of effective sales and marketing strategies for indie developers,"A sales and marketing toolkit tailored for indie mobile app developers, providing guidance and support for effective marketing channels",Subscription-based model with tiered pricing for additional services,medium,avoiding sales in any form,5.0,1.84,5.21
1t4auwa,Entrepreneur,How I'm generating 6 - 13 b2b calls per day with paid ads,"Imo, paid ads are the best &amp; fastest way to grow your company. When all the pieces click into their respective places, you have a system that turns advertising dollars into profit. I've talked to a lot of business owners and the aforementioned scenario is definitely not the reality for many.

Maybe you tried to run ads yourself or even hired an agency to do it for you, butin the end you burned more cash than you made. Why?

I mean if you logged into your Meta business manager, clicked a couple of buttons and called it a day, what did you expect? Or if you hired an agency to do that and all they did was launch a couple of ads in your BM.. Congrats, you paid 4 figures for someone to click through a setup that's so easy that you could guide a grandma through it over the phone.

Month over month, META is making it easier and easier to set up campaigns, but you don't make money through paid advertising by clicking a couple of buttons. Here's the process we use to launch successful campa","How I'm generating 6 - 13 b2b calls per day with paid ads Imo, paid ads are the best &amp; fastest way to grow your company. When all the pieces click into their respective places, you have a system that turns advertising dollars into profit. I've talked to a lot of business owners and the aforementioned scenario is definitely not the reality for many.

Maybe you tried to run ads yourself or even hired an agency to do it for you, butin the end you burned more cash than you made. Why?

I mean if you logged into your Meta business manager, clicked a couple of buttons and called it a day, what did you expect? Or if you hired an agency to do that and all they did was launch a couple of ads in your BM.. Congrats, you paid 4 figures for someone to click through a setup that's so easy that you could guide a grandma through it over the phone.

Month over month, META is making it easier and easier to set up campaigns, but you don't make money through paid advertising by clicking a couple of buttons. Here's the process we use to launch successful campaigns for us and clients, only 10% of the whole thing is clicking buttons in business manager.

Whether you sell B2B or selling high ticket to B2C, the same principles apply.

**Research &amp; Positioning**

This is a fundamental part of running ads that many overlook, but it's mission-critical to successful campaigns.  
  
\&gt; Interview your customers: Find out why they love your service and, more importantly, what made them buy.  
\&gt",29,75,https://reddit.com/r/Entrepreneur/comments/1t4auwa/how_im_generating_6_13_b2b_calls_per_day_with/,2026-05-05,hot,179,True,Business owners struggle to generate profitable leads with paid ads,workflow,small business owners and entrepreneurs,6,8,common,"['Meta business manager', 'ad agencies']",lack of effective ad management and optimization,"A user-friendly ad management platform that optimizes ad spend for small businesses, offering personalized support and strategy",Subscription-based model with tiered pricing for different business sizes,medium,burned more cash than you made,5.0,1.79,5.2
1ta6mi0,Entrepreneur,Turns out the kid who couldn't sit still in class was just 20 years early for the AI era.,"AI is giving non-ADHD people their first taste of what my brain has been doing for 36 years. welcome to the chaos.

people who've always been focused and structured are starting to use AI seriously and suddenly they can't stay on one thing. idea at 9am, Claude builds a prototype by 11am, by lunch they've moved on to something else. 8 projects a month, zero finished. and they're stressed about it because this has never happened to them before.

you know what thats called? thats ADHD. thats been my entire life lol.

I've had ADHD since I was a kid. the jumping between 14 ideas before breakfast, the ""I'm going to build THIS now"" energy that dies after 4 hours, the losing money on projects I abandoned at 80%. I've been managing that chaos for decades. I know when my brain is lying to me about what's important.

and now I'm watching neurotypical people discover that feeling for the first time because AI removed the friction that used to protect them. before AI a random idea would die natura","Turns out the kid who couldn't sit still in class was just 20 years early for the AI era. AI is giving non-ADHD people their first taste of what my brain has been doing for 36 years. welcome to the chaos.

people who've always been focused and structured are starting to use AI seriously and suddenly they can't stay on one thing. idea at 9am, Claude builds a prototype by 11am, by lunch they've moved on to something else. 8 projects a month, zero finished. and they're stressed about it because this has never happened to them before.

you know what thats called? thats ADHD. thats been my entire life lol.

I've had ADHD since I was a kid. the jumping between 14 ideas before breakfast, the ""I'm going to build THIS now"" energy that dies after 4 hours, the losing money on projects I abandoned at 80%. I've been managing that chaos for decades. I know when my brain is lying to me about what's important.

and now I'm watching neurotypical people discover that feeling for the first time because AI removed the friction that used to protect them. before AI a random idea would die naturally because it would take 3 weeks to build. now theres no friction. every impulse becomes a prototype in 2 hours. and if you've never dealt with that before its genuinely terrifying.

but for people like me? this is the best era ever.

we already have the coping mechanisms. we already know that feeling productive and being profitable are not the same thing. the chaos that AI creates is just tuesday for us. ",20,80,https://reddit.com/r/Entrepreneur/comments/1ta6mi0/turns_out_the_kid_who_couldnt_sit_still_in_class/,2026-05-11,hot,180,True,Non-ADHD individuals are experiencing chaos and difficulty finishing projects due to AI-induced multitasking,workflow,Entrepreneurs and individuals using AI for work,8,6,common,[],Lack of tools to help individuals manage AI-induced multitasking and stay focused,"A productivity tool that helps users prioritize and manage multiple projects, with features like AI-driven task management and focus-enhancing techniques",Subscription-based model with tiered pricing for individuals and teams,medium,thats ADHD. thats been my entire life,5.0,1.8,5.2
1tcr3cy,india,"₹54,282 Crore Vanished Under Their Rule — And They Still Lecture Citizens About Patriotism and Corruption?","Many politicians constantly speak about Hinduism, culture, morality and nationalism. But people are now asking a simple question: if leaders truly follow the values they preach, then where are honesty, responsibility and accountability?

Lord Rama is remembered by many Hindus as a symbol of dharma, justice and righteous leadership. Those values are supposed to mean protecting citizens, respecting people and governing fairly — not allowing corruption allegations and financial irregularities to keep appearing while ordinary citizens suffer.

Power should come with responsibility, not arrogance.

Today common people struggle with GST, fuel prices, inflation and taxes while politicians keep telling citizens to “follow rules” and “sacrifice for the nation.” But when audit findings raise questions over ₹54,282 crore, suddenly nobody wants to give direct answers.

The same central government that constantly points fingers at states like Tamil Nadu over corruption is now facing massive questio","₹54,282 Crore Vanished Under Their Rule — And They Still Lecture Citizens About Patriotism and Corruption? Many politicians constantly speak about Hinduism, culture, morality and nationalism. But people are now asking a simple question: if leaders truly follow the values they preach, then where are honesty, responsibility and accountability?

Lord Rama is remembered by many Hindus as a symbol of dharma, justice and righteous leadership. Those values are supposed to mean protecting citizens, respecting people and governing fairly — not allowing corruption allegations and financial irregularities to keep appearing while ordinary citizens suffer.

Power should come with responsibility, not arrogance.

Today common people struggle with GST, fuel prices, inflation and taxes while politicians keep telling citizens to “follow rules” and “sacrifice for the nation.” But when audit findings raise questions over ₹54,282 crore, suddenly nobody wants to give direct answers.

The same central government that constantly points fingers at states like Tamil Nadu over corruption is now facing massive questions itself. If states are called corrupt for smaller issues, then what should people call this?

Many citizens are beginning to feel that public money is being handled without proper accountability while ordinary people are expected to obey every rule perfectly.

Citizens are frustrated because it feels like money is always available for political campaigns, advertisements and speeches, but ",131,21,https://reddit.com/r/india/comments/1tcr3cy/54282_crore_vanished_under_their_rule_and_they/,2026-05-14,hot,173,True,Citizens feel politicians lack accountability and honesty,other,Indian citizens,8,6,widespread,[],lack of transparency and accountability in government,"A platform for tracking government spending and corruption, providing citizens with transparent information",freemium model with premium features for in-depth analysis,medium,Power should come with responsibility,5.0,1.73,5.18
1t66z93,indiehackers,I was building the wrong things. So I built a system to stop doing that.,"When I started looking for my next idea, I had no process.

I'd scroll Twitter, see something interesting, get excited, start building. Two months later — nobody cared.

The problem wasn't execution. It was that I had no way to tell the difference between ""this sounds cool"" and ""people are actively frustrated by this right now and would pay to fix it.""

So I got obsessive about it. Started reading hundreds of Reddit threads manually. r/indiehackers, r/SaaS, r/startups, niche subreddits. Looking for the posts where people weren't just complaining — they were describing a specific pain, asking if something existed, saying ""I'd pay for this.""

After a few weeks of doing this by hand I realized two things:

1. The signal is real and it's everywhere
2. There's no way a human can process it at the volume it exists

So I built a tool that does it automatically. It monitors founder communities, scores ideas against the signals that separate real demand from wishful thinking, and surfaces the o","I was building the wrong things. So I built a system to stop doing that. When I started looking for my next idea, I had no process.

I'd scroll Twitter, see something interesting, get excited, start building. Two months later — nobody cared.

The problem wasn't execution. It was that I had no way to tell the difference between ""this sounds cool"" and ""people are actively frustrated by this right now and would pay to fix it.""

So I got obsessive about it. Started reading hundreds of Reddit threads manually. r/indiehackers, r/SaaS, r/startups, niche subreddits. Looking for the posts where people weren't just complaining — they were describing a specific pain, asking if something existed, saying ""I'd pay for this.""

After a few weeks of doing this by hand I realized two things:

1. The signal is real and it's everywhere
2. There's no way a human can process it at the volume it exists

So I built a tool that does it automatically. It monitors founder communities, scores ideas against the signals that separate real demand from wishful thinking, and surfaces the ones worth looking at.

I've been running it for a few months now. The difference in how I evaluate ideas is night and day.

Happy to share what I look for if anyone wants to dig into the methodology — or you can try the tool directly and see what's trending in your niche right now.

What's your current process for filtering ideas before you start building?

Tool is [xfoundry.dev](http://xfoundry.dev) — free to explore. Woul",9,70,https://reddit.com/r/indiehackers/comments/1t66z93/i_was_building_the_wrong_things_so_i_built_a/,2026-05-07,hot,149,True,Difficulty in identifying genuine customer needs and pain points,process,solo SaaS founders and indie hackers,8,6,common,[],lack of systematic approach to identifying genuine pain points,"A tool to help founders identify and validate genuine customer needs, a pain point validation platform",subscription-based model with tiered pricing for solo founders and teams,medium,nobody cared,5.0,1.49,5.12
1t8cjrt,ProductManagement,How you do you write so much as a PM?,"The amount of messages, mails and docs I type are insane 😭 and jumping to claude/Gemini back and forth is so annoying... Is it just me or it sucks for everyone 🫠","How you do you write so much as a PM? The amount of messages, mails and docs I type are insane 😭 and jumping to claude/Gemini back and forth is so annoying... Is it just me or it sucks for everyone 🫠",68,40,https://reddit.com/r/ProductManagement/comments/1t8cjrt/how_you_do_you_write_so_much_as_a_pm/,2026-05-09,hot,148,True,The user is overwhelmed by the amount of writing they have to do as a Product Manager.,workflow,Product Managers,8,6,common,"['Claude', 'Gemini']",Streamlining writing tasks across multiple tools,"A writing assistant tool that integrates with multiple platforms, reducing the need to switch between them. This tool could also provide features like automated document generation and email templating.",Subscription-based model with tiered pricing for individuals and teams,medium,"The amount of messages, mails and docs I type are insane",5.0,1.48,5.12
1t56dds,indiehackers,I am a solo entrepreneur. I built a tool to make my own client work faster but it became a SAAS. it is a confession not a success story,"So I am a solo entrepreneur. this is not a success story. not the kind people post here anyway. no million dollar MRR, no viral launch, but it is just a confession of how something happened and why I am okay with where it is.

about a year ago the same thing started coming up on every single client call without us asking.

rankings fine on google. good reviews. decent website. but when their customers searched on chatgpt or gemini, competitors were showing up and they were not. heard it once and moved on. then six clients said it. then fourteen. then it was basically every conversation.

so we started solving it as part of regular project work. not a new service, not a pitch. just fixing what we kept seeing. making sure a business's key information was actually readable for how people search today. did this across 23 projects over about a year.

doing it manually every single time got slow. so I built a tool just for us. internal audit shortcut. never meant for anyone else.

showed it ","I am a solo entrepreneur. I built a tool to make my own client work faster but it became a SAAS. it is a confession not a success story So I am a solo entrepreneur. this is not a success story. not the kind people post here anyway. no million dollar MRR, no viral launch, but it is just a confession of how something happened and why I am okay with where it is.

about a year ago the same thing started coming up on every single client call without us asking.

rankings fine on google. good reviews. decent website. but when their customers searched on chatgpt or gemini, competitors were showing up and they were not. heard it once and moved on. then six clients said it. then fourteen. then it was basically every conversation.

so we started solving it as part of regular project work. not a new service, not a pitch. just fixing what we kept seeing. making sure a business's key information was actually readable for how people search today. did this across 23 projects over about a year.

doing it manually every single time got slow. so I built a tool just for us. internal audit shortcut. never meant for anyone else.

showed it to one client mid project just to explain what we found. they asked if they could run their other properties through it. then another client asked. then a referral contacted us specifically about the tool before we had even spoken about anything else.

we made the first tier free quietly and  people started using it.

Actually here is the thing I Wanted to share",13,63,https://reddit.com/r/indiehackers/comments/1t56dds/i_am_a_solo_entrepreneur_i_built_a_tool_to_make/,2026-05-06,hot,139,True,Clients' businesses are not showing up in search results on AI chat platforms like ChatGPT or Gemini,integration,solo SaaS founders and small business owners,6,8,widespread,"['Google', 'ChatGPT', 'Gemini']",lack of visibility and integration with AI chat platforms,"A tool to optimize business visibility on AI chat platforms, a SaaS to improve search result rankings on these platforms",Subscription-based model with tiered pricing for different business sizes,medium,competitors were showing up and they were not,5.0,1.39,5.1
1tcoc2l,bangalore,BTP AstraM : How can I get traction on violations reported?(is it just for PR?),"Hi Fellow Bangaloreans,

I'm writing this as I've reached a dead end and need your advice. I was happy to see Bangalore embracing digital governance, especially with BTP AstraM App to report traffic violations. I'm fed up with roads around my home blocked with cars and autos parked in the No parking zones. Assuming that it is every dutyful citizens responsibility to drive the change they want to see, I started reporting violations everyday on the BTP AstraM app. My enthusiasm quickly died as I see no progress or action taken against any reports. The issue continues to exist and nothing has changed except my wasted time and loss of trust in the app and the process. 

Here is why this isn't just about ""annoying parking"":

Safety Hazard: These cars block the visibility of kids walking to their school bus stops every morning. They have to weave through moving traffic because the sidewalks/shoulders are blocked.

Emergency Access: We’ve had instances where ambulances were delayed trying to ","BTP AstraM : How can I get traction on violations reported?(is it just for PR?) Hi Fellow Bangaloreans,

I'm writing this as I've reached a dead end and need your advice. I was happy to see Bangalore embracing digital governance, especially with BTP AstraM App to report traffic violations. I'm fed up with roads around my home blocked with cars and autos parked in the No parking zones. Assuming that it is every dutyful citizens responsibility to drive the change they want to see, I started reporting violations everyday on the BTP AstraM app. My enthusiasm quickly died as I see no progress or action taken against any reports. The issue continues to exist and nothing has changed except my wasted time and loss of trust in the app and the process. 

Here is why this isn't just about ""annoying parking"":

Safety Hazard: These cars block the visibility of kids walking to their school bus stops every morning. They have to weave through moving traffic because the sidewalks/shoulders are blocked.

Emergency Access: We’ve had instances where ambulances were delayed trying to get through our lane because it’s been narrowed down to a single crawl-space by illegal parking.

Zero Accountability: My reports on the app stay in limbo. No fines are issued, no towing happens, and the same vehicles are there the next morning.

I tagged @blrcitytraffic on X but heard nothing. I'm disheartened to see that the city manages just optics by promoting the AstraM app vehemently on X and online, but when i",55,40,https://reddit.com/r/bangalore/comments/1tcoc2l/btp_astram_how_can_i_get_traction_on_violations/,2026-05-14,hot,135,True,Reports of traffic violations on BTP AstraM app are not being acted upon,support,citizens reporting traffic violations,8,6,common,['BTP AstraM App'],lack of follow-up action on reported violations,"A platform that ensures reported violations are tracked and resolved, providing transparency to citizens",charge government agencies for the service,medium,I see no progress,5.0,1.35,5.09
1tcvd99,ProductManagement,8+ years in PM and all I got was a basket of half-baked skills,"This is part question, part rant.

tl;dr: My question is: how do you compound learning in this role? Or related, how do you recover from disparate learnings?

I graduated with electrical &amp; computer engineering, and a lot of love for software. But the first out-of-university job I got was a PM at Microsoft, which I was so excited about at the time, without even knowing wtf that was.

I believe that that one event precipitated the chain of events that effectively robbed me of a career.

By winging it and by generally being somewhat smart, technically minded, and with decent design sense, I got praise along the way for being a good PM, and that inertia kept me in this role.

Now, I feel that I do not actually have any specialization. I am not an expert in anything. I'm not a domain expert in any one industry or technology. I'm not an expert in SaaS nor in consumer space. I'm not an expert in the dynamics of being a PM at early-stage startups, nor at larger companies. I'm not an expert","8+ years in PM and all I got was a basket of half-baked skills This is part question, part rant.

tl;dr: My question is: how do you compound learning in this role? Or related, how do you recover from disparate learnings?

I graduated with electrical &amp; computer engineering, and a lot of love for software. But the first out-of-university job I got was a PM at Microsoft, which I was so excited about at the time, without even knowing wtf that was.

I believe that that one event precipitated the chain of events that effectively robbed me of a career.

By winging it and by generally being somewhat smart, technically minded, and with decent design sense, I got praise along the way for being a good PM, and that inertia kept me in this role.

Now, I feel that I do not actually have any specialization. I am not an expert in anything. I'm not a domain expert in any one industry or technology. I'm not an expert in SaaS nor in consumer space. I'm not an expert in the dynamics of being a PM at early-stage startups, nor at larger companies. I'm not an expert in growth, nor in app design, nor in platform. I'm not an expert in interviewing against classical Meta-style questions of product sense product execution, nor am I good at how-did-you-handle-X type questions. I know bits and pieces, but nothing that comes together coherently as a whole.

Worst of all, I haven't been truly learning anything that compounds, and when out of a job, haven't found any way to truly up-skill myself. ",49,41,https://reddit.com/r/ProductManagement/comments/1tcvd99/8_years_in_pm_and_all_i_got_was_a_basket_of/,2026-05-14,hot,131,True,The author feels their career as a product manager has been hindered by a lack of structured learning and skill development.,onboarding,product managers at large companies,8,6,common,[],lack of formal training and skill development pathways,"A personalized learning platform for product managers to develop and compound their skills, offering structured courses and mentorship.",Subscription-based model with tiered pricing for individuals and companies,medium,robbed me of a career,5.0,1.31,5.08
1t9zy7w,indiehackers,We changed our onboarding and pricing model and went from 9 users to 20+ in 3 days.,"I made a post here last week about trying to get the first users for Causo and got a lot of genuinely useful feedback from people here, so I figured I should share what happened after we made some changes.

Last Wednesday we had 9 live users and 2 paying users.

Today we have 26 users and 7 paying users.

The funny part is that the changes were actually really simple:

1. We moved onboarding from step 0 to step 1.

Before, people had to fill in a bunch of stuff before they could even properly see or use the product. Now they can get in immediately, look around, click things, see matches/data, and then complete onboarding later if they want better results.

2. We started showing way more upfront.

Previously users had to go through multiple steps before seeing anything useful. Now they instantly have something to explore before paying.

Both of these feel painfully obvious in hindsight, but it still took nearly a week, 12 emails to users, and a lot of guessing before we finally got enou","We changed our onboarding and pricing model and went from 9 users to 20+ in 3 days. I made a post here last week about trying to get the first users for Causo and got a lot of genuinely useful feedback from people here, so I figured I should share what happened after we made some changes.

Last Wednesday we had 9 live users and 2 paying users.

Today we have 26 users and 7 paying users.

The funny part is that the changes were actually really simple:

1. We moved onboarding from step 0 to step 1.

Before, people had to fill in a bunch of stuff before they could even properly see or use the product. Now they can get in immediately, look around, click things, see matches/data, and then complete onboarding later if they want better results.

2. We started showing way more upfront.

Previously users had to go through multiple steps before seeing anything useful. Now they instantly have something to explore before paying.

Both of these feel painfully obvious in hindsight, but it still took nearly a week, 12 emails to users, and a lot of guessing before we finally got enough feedback to understand where people were dropping off.

I think one thing I underestimated is how hard it is to get useful feedback when you only have a handful of users. Everyone says “talk to users”, but when you have 9 users and half of them ghost you, every feedback cycle takes forever.

So now I’m curious:

1. How do you shorten the time between “something feels wrong” and actually figuring out what the i",16,56,https://reddit.com/r/indiehackers/comments/1t9zy7w/we_changed_our_onboarding_and_pricing_model_and/,2026-05-11,hot,128,True,Complex onboarding process hinders user adoption,onboarding,SaaS founders and product managers,6,8,common,[],streamlined and user-friendly onboarding experience,"Simplify user onboarding with a guided tour or interactive demo, increasing user engagement and conversion",Charge SaaS companies for onboarding optimization services or tools,medium,9 users to 20+ in 3 days,5.0,1.28,5.07
1t3c94m,ProductManagement,Has anyone else got their role description changed completely over the last 12 months?,"I work in a small fintech B2E SaaS located in NY. We had an offshore dev team for years, we still do. No design team, the management doesnt believe we need designers. 

Now they slowly shifted the PM role, and asked us to do the coding using AI tools like claude code etc. Those of us who had prior coding experience either through previous work or hobby is doing just fine. But anyone who couldnt do it got sacked and replaced by a PM that does coding. 

We got literally zero engineers working with us, my time is split between, discovery, development, customer pocs etc. I have never been stressed more.

I have to be honest, i like the fact that i can ship a feature and test it with customers the same day, build the tracking system i always wanted overnight etc. 

Since PMs are now replacing developers, how long until we get replaced?","Has anyone else got their role description changed completely over the last 12 months? I work in a small fintech B2E SaaS located in NY. We had an offshore dev team for years, we still do. No design team, the management doesnt believe we need designers. 

Now they slowly shifted the PM role, and asked us to do the coding using AI tools like claude code etc. Those of us who had prior coding experience either through previous work or hobby is doing just fine. But anyone who couldnt do it got sacked and replaced by a PM that does coding. 

We got literally zero engineers working with us, my time is split between, discovery, development, customer pocs etc. I have never been stressed more.

I have to be honest, i like the fact that i can ship a feature and test it with customers the same day, build the tracking system i always wanted overnight etc. 

Since PMs are now replacing developers, how long until we get replaced?",66,31,https://reddit.com/r/ProductManagement/comments/1t3c94m/has_anyone_else_got_their_role_description/,2026-05-04,hot,128,True,Product managers are being asked to take on coding responsibilities without adequate support or resources.,workflow,product managers at startups,8,6,common,['claude code'],lack of guidance and training for product managers to learn coding skills,"A platform that provides coding training and resources specifically for product managers, or a tool that streamlines coding tasks for non-technical PMs.",Subscription-based model with tiered pricing for individuals and teams,medium,I have never been stressed,5.0,1.28,5.07
1t1h1p7,Entrepreneur,Struggling with pricing strategy,"Edit: I want to thank everyone for their suggestions. Moving forward, when meeting prospective clients, I decided I'll be charging them 10-30% of their annual savings (changing the percentage depending on the project's complexity). The next issue to resolve will be how to quantify those values without clients trying to cheat on those values or without spending too much time measuring impact. Now I know Reddit's community will be here to help when the time comes!

I've been in talks with some people at an accounting firm. They have an enterprise level Microsoft Copilot Premium subscription. They mentioned how they have been trying to use Copilot to automate certain tasks but the results are unreliable. I can easily fix their issues by creating a custom agent that would live in their Copilot widgets. That should increase the accuracy and quality of the output to the standards they need while keeping things simple enough for their old-school consultants. The whole project shouldn't take m","Struggling with pricing strategy Edit: I want to thank everyone for their suggestions. Moving forward, when meeting prospective clients, I decided I'll be charging them 10-30% of their annual savings (changing the percentage depending on the project's complexity). The next issue to resolve will be how to quantify those values without clients trying to cheat on those values or without spending too much time measuring impact. Now I know Reddit's community will be here to help when the time comes!

I've been in talks with some people at an accounting firm. They have an enterprise level Microsoft Copilot Premium subscription. They mentioned how they have been trying to use Copilot to automate certain tasks but the results are unreliable. I can easily fix their issues by creating a custom agent that would live in their Copilot widgets. That should increase the accuracy and quality of the output to the standards they need while keeping things simple enough for their old-school consultants. The whole project shouldn't take more than 60 hours of work. Because their business unit is composed of 100 people, saving them 1 to 3 hours of manual work per week would translate to 400-1,200 hours of work saved every month. I'm new to this type of consulting work, so I'm struggling with the pricing. The first strategy that comes to one's mind is to charge them an hourly rate for 60 hours work. But their savings are huge. At the same time, the people I'm talking with at this firm would know tha",19,53,https://reddit.com/r/Entrepreneur/comments/1t1h1p7/struggling_with_pricing_strategy/,2026-05-02,hot,125,True,The author struggles with pricing strategy and quantifying annual savings for clients.,pricing,Solo consultants or service-based entrepreneurs,6,8,common,['Microsoft Copilot Premium'],Lack of a standardized method to quantify annual savings without client manipulation,"A pricing strategy tool that helps quantify annual savings, with a potential feature to prevent client manipulation.",Subscription-based model with tiered pricing based on client size or project complexity,medium,charging 10-30% of annual savings,5.0,1.25,5.06
1tcmrq3,ProductManagement,Does anyone else feel like half the job is just trying to keep information organized?,"Lately I’ve been realizing that  a huge part of product work (at least for me) isn’t even the “thinking” part — it’s managing the  constant flood of information.

Slack threads, meeting notes, user interviews, PDFs, docs, tickets, dashboards, random links, Loom  videos, competitor research, comments buried in  Notion pages… after a while it starts feeling like  more energy goes into navigating information than actually making decisions from it.

I’ve tried different systems over time and some  helped temporarily, but eventually everything still becomes fragmented again .

Curious how other PMs deal with this long term.

Do you have an actual workflow/system that keeps things manageable, or do most people just learn to live with a certain level of chaos?","Does anyone else feel like half the job is just trying to keep information organized? Lately I’ve been realizing that  a huge part of product work (at least for me) isn’t even the “thinking” part — it’s managing the  constant flood of information.

Slack threads, meeting notes, user interviews, PDFs, docs, tickets, dashboards, random links, Loom  videos, competitor research, comments buried in  Notion pages… after a while it starts feeling like  more energy goes into navigating information than actually making decisions from it.

I’ve tried different systems over time and some  helped temporarily, but eventually everything still becomes fragmented again .

Curious how other PMs deal with this long term.

Do you have an actual workflow/system that keeps things manageable, or do most people just learn to live with a certain level of chaos?",48,32,https://reddit.com/r/ProductManagement/comments/1tcmrq3/does_anyone_else_feel_like_half_the_job_is_just/,2026-05-14,hot,112,True,Product managers struggle to organize and manage a constant flood of information.,workflow,product managers at startups,8,6,common,"['Slack', 'Notion', 'Loom']",lack of a unified and sustainable information management system,"A centralized information hub that integrates with existing tools, providing a single source of truth for product managers. This hub could offer automated organization and filtering capabilities.",Subscription-based model with tiered pricing for individuals and teams,medium,more energy goes into navigating info,5.0,1.12,5.03
1ta4ks5,indiehackers,Sharing my failures here has done more for my project than any growth hack I've tried,"For most of last year I only posted when something was going well. Milestone hit, new feature shipped, first user signup. The usual stuff. Nobody wants to read about yet another stalled project, right?

  
Then I had a genuinely bad month. Churn went up, MRR flatlined, I started questioning whether I was even solving a real problem. I posted about it mostly to get it out of my head.

  
The response kind of broke my brain. Way more engagement than any win post I'd ever written. People sharing their own messy middle. Actual advice from folks who'd been through it. A few DMs from people with similar struggles who wanted to compare notes.

  
One of those turned into a weekly accountability call that's been going for 4 months now. That guy introduced me to two of my current users.

  
I don't think there's a hack here. It's just that the community responds to real, and I was spending most of my time trying to look like I had it figured out when nobody actually cares about that.

  
Still ","Sharing my failures here has done more for my project than any growth hack I've tried For most of last year I only posted when something was going well. Milestone hit, new feature shipped, first user signup. The usual stuff. Nobody wants to read about yet another stalled project, right?

  
Then I had a genuinely bad month. Churn went up, MRR flatlined, I started questioning whether I was even solving a real problem. I posted about it mostly to get it out of my head.

  
The response kind of broke my brain. Way more engagement than any win post I'd ever written. People sharing their own messy middle. Actual advice from folks who'd been through it. A few DMs from people with similar struggles who wanted to compare notes.

  
One of those turned into a weekly accountability call that's been going for 4 months now. That guy introduced me to two of my current users.

  
I don't think there's a hack here. It's just that the community responds to real, and I was spending most of my time trying to look like I had it figured out when nobody actually cares about that.

  
Still figuring it out. But way less alone now.

  
Has anyone else noticed this? Like the vulnerable posts getting way more traction than the wins?",20,42,https://reddit.com/r/indiehackers/comments/1ta4ks5/sharing_my_failures_here_has_done_more_for_my/,2026-05-11,hot,104,True,Struggling with project stagnation and self-doubt as a solo founder,support,solo SaaS founders,8,6,common,[],lack of community support and guidance during difficult times,"A peer support platform for founders to share struggles and receive advice, potentially with AI-driven matchmaking for similar experiences",Subscription-based model with tiered access to expert advice and community features,medium,"Churn went up, MRR flatlined",5.0,1.04,5.01
1tc57m6,developersIndia,Honest Advice Needed - Microsoft Turing Team vs More Interviews,"Qualifications

Tier 1 IIT EE , 8.44/10 CPI

Current Pay - 18.5 base + 6 JB + 10 stocks ( it is about 30-40% down but yeah)

Company - Oracle

Tech Stack - Python and C++ , More Infra focused (have a story to tell about this)

So basicaly I used to work at a good team in OCI till my manger got fired and my teammates were layoffed/shifted to an other team.  I used to work in a core infra team for ML finetunning/ C++ infra realted work and the work was really good and I could have used the C++ knowledge to eventually switch to HFT/ pure C++ dev roles.

All was good till layoffs happended at Oracle.

Like I have not worked with C++ for last 3 months and I ended up a team with fullstack work and I hate it soo much like it soo useless, design table , build apis , do some nonesense work and then I wanted to lowkey switch. So I have been doing some C++ certification to upskill since Sep and it took me 6 months to finish it so I was pretty much interview ready.

I have been applying to so many","Honest Advice Needed - Microsoft Turing Team vs More Interviews Qualifications

Tier 1 IIT EE , 8.44/10 CPI

Current Pay - 18.5 base + 6 JB + 10 stocks ( it is about 30-40% down but yeah)

Company - Oracle

Tech Stack - Python and C++ , More Infra focused (have a story to tell about this)

So basicaly I used to work at a good team in OCI till my manger got fired and my teammates were layoffed/shifted to an other team.  I used to work in a core infra team for ML finetunning/ C++ infra realted work and the work was really good and I could have used the C++ knowledge to eventually switch to HFT/ pure C++ dev roles.

All was good till layoffs happended at Oracle.

Like I have not worked with C++ for last 3 months and I ended up a team with fullstack work and I hate it soo much like it soo useless, design table , build apis , do some nonesense work and then I wanted to lowkey switch. So I have been doing some C++ certification to upskill since Sep and it took me 6 months to finish it so I was pretty much interview ready.

I have been applying to so many firms HFTs and quant ones mainly and gotten like 11 rejects (interviews avg 2-3 in each of them) since March 15 and I have lost my mind nearly and it is affecting my relationship with parents , friends and everyone . I have been studying all day and all night barely able to 4 hours of sleep.

I have prepared everything from OS, Computer Arch, Concurrency , and other topics . I can do Leetcode contest(all 4) like 90% of times in und",15,37,https://reddit.com/r/developersIndia/comments/1tc57m6/honest_advice_needed_microsoft_turing_team_vs/,2026-05-13,hot,89,True,Layoffs and team changes disrupted the user's career growth and work satisfaction,workflow,software developers at large companies,8,6,common,[],lack of job security and career growth opportunities,"A platform offering career guidance and job matching for developers, or a tool for teams to manage and adapt to change",subscription-based model or recruitment services,medium,all was good till layoffs happened,5.0,0.89,4.97
1tbei4r,startups,I used to believe execution mattered more than ideas. Now I’m not sure. I will not promote,"Hello, I'm a senior software engineer and solutions architect, and I've been trying to build at least an MVP for an idea for around two years now. I'm working on it after work all the time, and I even invested in a developer team for my latest idea, only to discover later that the idea actually wasn't valid in the market because I lacked the experience in discovering, checking, and validating ideas properly.

However, now that I've gained some experience, it feels like there are no valid ideas out there anymore. Every time I come up with an idea and do some research, I find out either:

\- it's impossible to implement with my limited resources,  
\- there's an unbelievable competitor that could build it in one day,

What can I do? Am I right or wrong about this?

Because before all of that, I used to tell myself that it's not about the idea, it's about the implementation, how you execute it, and the person behind it. Like, we invest in people, not ideas.

But now I'm starting to feel a","I used to believe execution mattered more than ideas. Now I’m not sure. I will not promote Hello, I'm a senior software engineer and solutions architect, and I've been trying to build at least an MVP for an idea for around two years now. I'm working on it after work all the time, and I even invested in a developer team for my latest idea, only to discover later that the idea actually wasn't valid in the market because I lacked the experience in discovering, checking, and validating ideas properly.

However, now that I've gained some experience, it feels like there are no valid ideas out there anymore. Every time I come up with an idea and do some research, I find out either:

\- it's impossible to implement with my limited resources,  
\- there's an unbelievable competitor that could build it in one day,

What can I do? Am I right or wrong about this?

Because before all of that, I used to tell myself that it's not about the idea, it's about the implementation, how you execute it, and the person behind it. Like, we invest in people, not ideas.

But now I'm starting to feel a bit upset and discouraged about it.

What do you guys think?",20,32,https://reddit.com/r/startups/comments/1tbei4r/i_used_to_believe_execution_mattered_more_than/,2026-05-13,hot,84,True,The user struggles to validate ideas and determine their market viability.,workflow,Solo founders and entrepreneurs,8,6,common,[],Lack of effective idea validation and market research tools,"A platform that helps entrepreneurs validate ideas and assess market demand, providing data-driven insights to inform product development.",Subscription-based model with tiered pricing for additional features and support,medium,I've been trying to build an MVP for an idea for two years,5.0,0.84,4.96
1tby08c,IndiaInvestments,"Taxing Foreign Equity in India: RSUs, ESPPs &amp; Overseas Stocks","A few months ago, we set out on the goal to write the most comprehensive article on Foreign Equity in India. It's taken us a while, but this article is finally completed. We cover everything from Tax to Reporting requirements for Foreign Stocks, RSUs and ESPPs in India.

Full article with better formatting than reddit - [https://www.reymanwealth.com/post/taxing-foreign-equity-in-india-rsus-espps-overseas-stocks](https://www.reymanwealth.com/post/taxing-foreign-equity-in-india-rsus-espps-overseas-stocks)

**Section 01**

# Who This Applies To: Residential Status &amp; Scope

The Indian tax system taxes individuals based on residential status, not citizenship. Your obligations differ significantly depending on whether you are a **Resident and Ordinarily Resident (ROR)**, **Resident but Not Ordinarily Resident (RNOR)**, or **Non-Resident (NR)**.

|**Status**|**Indian income**|**Foreign income**|**Foreign asset reporting**|
|:-|:-|:-|:-|
|||||
|||||
|**ROR**|Fully taxable|Fully taxable|Man","Taxing Foreign Equity in India: RSUs, ESPPs &amp; Overseas Stocks A few months ago, we set out on the goal to write the most comprehensive article on Foreign Equity in India. It's taken us a while, but this article is finally completed. We cover everything from Tax to Reporting requirements for Foreign Stocks, RSUs and ESPPs in India.

Full article with better formatting than reddit - [https://www.reymanwealth.com/post/taxing-foreign-equity-in-india-rsus-espps-overseas-stocks](https://www.reymanwealth.com/post/taxing-foreign-equity-in-india-rsus-espps-overseas-stocks)

**Section 01**

# Who This Applies To: Residential Status &amp; Scope

The Indian tax system taxes individuals based on residential status, not citizenship. Your obligations differ significantly depending on whether you are a **Resident and Ordinarily Resident (ROR)**, **Resident but Not Ordinarily Resident (RNOR)**, or **Non-Resident (NR)**.

|**Status**|**Indian income**|**Foreign income**|**Foreign asset reporting**|
|:-|:-|:-|:-|
|||||
|||||
|**ROR**|Fully taxable|Fully taxable|Mandatory (Schedule FA)|
|**RNOR**|Fully taxable|Only if derived from India|Not required|
|**NR**|Fully taxable|Not taxable in India|Not required|

**Rule of thumb**

Most employees at Indian MNC subsidiaries receiving stock compensation from a foreign parent are RORs. This guide primarily addresses **ROR** individuals, for whom all global income is taxable in India.

You are an ROR if you have been resident in India for **at least 2",42,19,https://reddit.com/r/IndiaInvestments/comments/1tby08c/taxing_foreign_equity_in_india_rsus_espps/,2026-05-13,hot,80,True,"Indian residents struggle with taxing foreign equity, RSUs, ESPPs, and overseas stocks.",support,Indian investors and expats with foreign equity holdings,6,8,common,[],Lack of comprehensive and accessible information on tax requirements,"A tax guidance platform or tool for Indian residents with foreign equity holdings, providing personalized advice and reporting requirements.",Subscription-based model or consulting services,medium,Tax to Reporting requirements,5.0,0.8,4.95
1tctm0x,developersIndia,Feeling hopeless . Dont know what to do . Your first company really matters people!,"I'm working in a crap company for 2.5years (23 grad). No growth nothing . Seniors gate keep all the good work . How many ever times i prove i could do things , they never give me anything good . Knwledge i have is all what i made on my own . Nothing else . 

This industry is really brutal . Sometimes i just break down in tears . I become hopeless because nothing works out for me ever . 

All i do after work is study . Weekends i try to study without going out . I used to have a great physique but now my health is slowly getting compromised due to the deppression from all this . 

Building a career is really hard . No katter how hard im prepared to work for my company , i never get the chance . How funny is that right ? Ur not slacking ur prepared to go to war yet u dont even get the chance to perform . 

 Wish i could go back to college and prepare myself enough for this game . 

Huge respect for all the people who have made it . ❤️","Feeling hopeless . Dont know what to do . Your first company really matters people! I'm working in a crap company for 2.5years (23 grad). No growth nothing . Seniors gate keep all the good work . How many ever times i prove i could do things , they never give me anything good . Knwledge i have is all what i made on my own . Nothing else . 

This industry is really brutal . Sometimes i just break down in tears . I become hopeless because nothing works out for me ever . 

All i do after work is study . Weekends i try to study without going out . I used to have a great physique but now my health is slowly getting compromised due to the deppression from all this . 

Building a career is really hard . No katter how hard im prepared to work for my company , i never get the chance . How funny is that right ? Ur not slacking ur prepared to go to war yet u dont even get the chance to perform . 

 Wish i could go back to college and prepare myself enough for this game . 

Huge respect for all the people who have made it . ❤️",46,15,https://reddit.com/r/developersIndia/comments/1tctm0x/feeling_hopeless_dont_know_what_to_do_your_first/,2026-05-14,hot,76,True,Lack of growth opportunities and gatekeeping by seniors in the company,process,junior developers in the tech industry,8,6,common,[],lack of mentorship and career development resources,"A platform offering mentorship and career development resources for junior developers, providing access to meaningful projects and skills training",subscription-based model with tiered pricing for individuals and companies,medium,No growth nothing,5.0,0.76,4.94
1tcno61,india,Indian customs is shit,"I ordered a simple makeup product (just one) as a gift for someone, the first time I was surprised with the tariff charges about 50% but paid it anyways. The product never arrived.

I contacted the company and made them send another batch, this time I got an email for KYC and I provided mine. No it was not enough they needed the receivers details and the address should match exactly as in the billing. ONE fucking product.

The unfortunate situation for me is that this person is being taken care in the delivery location and does not have any documentation that says this is their permanent residence. Even though we give soo much data to the government, why the actual fuck they cannot verify me just with my aadhar, pan, passport or any of this? I expected the digitization and providing all the details was supposed to be in exchage for a seamless experience.

People don’t talk about this much, being in a joint family that travels between state borders quite often having two different abode","Indian customs is shit I ordered a simple makeup product (just one) as a gift for someone, the first time I was surprised with the tariff charges about 50% but paid it anyways. The product never arrived.

I contacted the company and made them send another batch, this time I got an email for KYC and I provided mine. No it was not enough they needed the receivers details and the address should match exactly as in the billing. ONE fucking product.

The unfortunate situation for me is that this person is being taken care in the delivery location and does not have any documentation that says this is their permanent residence. Even though we give soo much data to the government, why the actual fuck they cannot verify me just with my aadhar, pan, passport or any of this? I expected the digitization and providing all the details was supposed to be in exchage for a seamless experience.

People don’t talk about this much, being in a joint family that travels between state borders quite often having two different abodes is an actual nightmare here.

The sad part is I will not be ordering anything into India, not because of the 50% tariff because that tariff does not justify the experience I am getting in this entire process. Isn’t this the opposite effect of the intended behaviour?",28,19,https://reddit.com/r/india/comments/1tcno61/indian_customs_is_shit/,2026-05-14,hot,66,True,Indian customs process is cumbersome and frustrating for importing gifts,process,Individuals importing gifts to India,8,6,common,[],Streamlined and user-friendly customs process for individual imports,"A customs clearance service for individual imports, simplifying the process and reducing frustration. This could include automated KYC and address verification.",Subscription-based or per-shipment fees,medium,Indian customs is shit,5.0,0.66,4.92
1tcnk5l,delhi,Worst experience in laxmi holidays till now,"Worst experience faced today. Honestly shocked at how badly the staff behaved.

Me and my wife were travelling together, but because her seat was booked a little later than mine, the driver and staff refused to let us sit together. Then the staff literally started asking me for extra money — first ₹1000 — just so my wife could sit with me.

And it gets worse.

One of the staff members himself came and slept on the seat beside me while continuing to argue and misbehave with us. Later they even called me near the driver’s cabin and demanded another ₹500 if I wanted my wife shifted to my seat.

What kind of behavior is this? Since when do passengers have to bribe bus staff just to sit with their own wife?

I’ve travelled with Laxmi Holidays before and never expected this level of harassment and unprofessionalism. The entire journey became mentally stressful because of these people.

I’m posting this publicly because this kind of behavior should not be ignored. If the company doesn’t take ","Worst experience in laxmi holidays till now Worst experience faced today. Honestly shocked at how badly the staff behaved.

Me and my wife were travelling together, but because her seat was booked a little later than mine, the driver and staff refused to let us sit together. Then the staff literally started asking me for extra money — first ₹1000 — just so my wife could sit with me.

And it gets worse.

One of the staff members himself came and slept on the seat beside me while continuing to argue and misbehave with us. Later they even called me near the driver’s cabin and demanded another ₹500 if I wanted my wife shifted to my seat.

What kind of behavior is this? Since when do passengers have to bribe bus staff just to sit with their own wife?

I’ve travelled with Laxmi Holidays before and never expected this level of harassment and unprofessionalism. The entire journey became mentally stressful because of these people.

I’m posting this publicly because this kind of behavior should not be ignored. If the company doesn’t take strict action and resolve this properly, I’ll be escalating this further through consumer forums and everywhere possible.

Has anyone else faced something similar with private bus operators?",45,10,https://reddit.com/r/delhi/comments/1tcnk5l/worst_experience_in_laxmi_holidays_till_now/,2026-05-14,hot,65,True,Laxmi Holidays staff refused to let a couple sit together without extra payment,support,couples traveling by bus,8,6,occasional,[],lack of customer-centric seating arrangements and transparent pricing,"A bus booking platform that guarantees adjacent seating for couples and transparent pricing, or a feature to reserve seats together at no extra cost",commission-based booking fees or premium seat reservation charges,medium,refused to let us sit together,5.0,0.65,4.91
1rtdyzr,IndiaInvestments,"Validating an Idea: A privacy-focused, manual asset tracker for family inheritance. Would you use this?","Hey everyone,

I’m currently thinking to work on a niche app idea and need some brutal, honest feedback from this community before I write a single line of code.

We all know the logistical nightmare that happens when a family member passes away. Families often have no idea where the Fixed Deposits are, which AIFs/PMSs are active, which insurance policies are active, or where the physical gold locker keys are kept.

I want to build a completely **manual-entry** app.

**Why Manual? (It’s a feature, not a bug)**

1. **Frequency of Use:** This isn't a day-to-day portfolio tracker. You aren't opening it daily. It’s an archival tool you update maybe once or twice a year, or during major life events (buying a house, getting a new job, new bank accounts etc.).
2. **The Edge Cases:** APIs are great for standard bank accounts, but they fail at capturing real-world wealth. You can't auto-sync physical gold, ancestral property papers, cash loans given to family, or unlisted startup ESOPs. A manua","Validating an Idea: A privacy-focused, manual asset tracker for family inheritance. Would you use this? Hey everyone,

I’m currently thinking to work on a niche app idea and need some brutal, honest feedback from this community before I write a single line of code.

We all know the logistical nightmare that happens when a family member passes away. Families often have no idea where the Fixed Deposits are, which AIFs/PMSs are active, which insurance policies are active, or where the physical gold locker keys are kept.

I want to build a completely **manual-entry** app.

**Why Manual? (It’s a feature, not a bug)**

1. **Frequency of Use:** This isn't a day-to-day portfolio tracker. You aren't opening it daily. It’s an archival tool you update maybe once or twice a year, or during major life events (buying a house, getting a new job, new bank accounts etc.).
2. **The Edge Cases:** APIs are great for standard bank accounts, but they fail at capturing real-world wealth. You can't auto-sync physical gold, ancestral property papers, cash loans given to family, or unlisted startup ESOPs. A manual vault captures *everything*.
3. **Privacy:** People are rightfully terrified of giving a 3rd-party app read-access to their entire financial life.

**The Concept:** It’s a highly secure ""digital locker"" for your asset list. You take 30 minutes to list your bank accounts, Demat details, property, etc. The data is heavily encrypted. **The Killer Feature:** A secure process to release this data",18,21,https://reddit.com/r/IndiaInvestments/comments/1rtdyzr/validating_an_idea_a_privacyfocused_manual_asset/,2026-03-14,hot,60,True,Families struggle to track and manage inherited assets after a family member passes away.,missing_feature,families and individuals managing inherited assets,8,6,common,[],"lack of a manual, privacy-focused asset tracking solution","A manual-entry app for tracking inherited assets, focusing on privacy and security, could fill this gap, providing a simple and secure way to manage family assets.",Subscription-based model with optional premium features,medium,logistical nightmare,5.0,0.6,4.9
1taqrji,indiehackers,seo for solo founders who have no idea what they’re doing. here’s what actually matters,"spent the last few days doing seo for script7 properly for the first time. learned a lot. sharing it so you don't have to figure it out the hard way.

your biggest problem is probably invisibility. if your whole product is behind a login wall google can't crawl any of it. doesn't matter how good it is. fix that first. build public pages google can actually read.

stop going after big keywords. ""ai content tool"" has thousands of people fighting for it. you won't win. go after long tail stuff instead. ""how to write a hook for youtube"" or ""content creation for introverts."" less competition, more specific intent, easier to rank.

build feature landing pages. don't just have a homepage. make dedicated pages for specific use cases. for script7 i built pages for things like tiktok script generator and youtube script writer. each one is a permanent door into your product.

add schema markup. softwareapplication and faq schema tells google exactly what you built. takes an hour, most founders ne","seo for solo founders who have no idea what they’re doing. here’s what actually matters spent the last few days doing seo for script7 properly for the first time. learned a lot. sharing it so you don't have to figure it out the hard way.

your biggest problem is probably invisibility. if your whole product is behind a login wall google can't crawl any of it. doesn't matter how good it is. fix that first. build public pages google can actually read.

stop going after big keywords. ""ai content tool"" has thousands of people fighting for it. you won't win. go after long tail stuff instead. ""how to write a hook for youtube"" or ""content creation for introverts."" less competition, more specific intent, easier to rank.

build feature landing pages. don't just have a homepage. make dedicated pages for specific use cases. for script7 i built pages for things like tiktok script generator and youtube script writer. each one is a permanent door into your product.

add schema markup. softwareapplication and faq schema tells google exactly what you built. takes an hour, most founders never do it.

get on directories. g2, capterra, futurepedia, alternativeto. free backlinks and you show up where people are already looking for tools like yours.

don't ignore meta titles and descriptions. google uses these to decide if your page is worth showing. leaving them blank is leaving traffic on the table.

seo is slow. nothing happens overnight. but every page you create stays up forever. it compounds",14,59,https://reddit.com/r/indiehackers/comments/1taqrji/seo_for_solo_founders_who_have_no_idea_what/,2026-05-12,hot,132,True,Solo founders struggle with SEO due to lack of knowledge and visibility,workflow,Solo SaaS founders,6,7,common,[],"Lack of simple, accessible SEO guidance for solo founders","A beginner-friendly SEO tool or guide tailored to solo founders, offering step-by-step guidance and long-tail keyword suggestions",Subscription-based model or one-time purchase for the guide or tool,medium,your biggest problem is invisibility,5.0,1.32,4.83
1tbyv08,personalfinanceindia,Hit 1 Cr net-worth milestone. Thoughts on asset allocation strategy?,"Hi everyone,

I am 30(M) married, we have a 2 yr old daughter. I wanted to share a small but exciting milestone that I reached last month: hitting a net worth of approximately **₹1 crore**! It feels great to see the numbers add up after years of consistent saving and investing. Huge thanks to this community for the advice over the years that helped me get here.

While reaching this number is rewarding, it’s also a moment where I feel unsure about what the *next* best move should be. As my net worth continues to grow, I want to ensure my portfolio structure is as robust and efficient as possible.

This is how it looks as of now

* **Equity:** 29% | ≈ ₹29,47,309 *(Stocks, Mutual Funds + Vested US stocks(around 2 Lakh of total around 20 lakh current value, vested in next 3 yrs.))*
* **Real Estate (REITs/Property):** 23% | ≈ ₹24,00,000 *(1000 sqft commercial space(But not converted))*
* **Retirements:** 19% | ≈ ₹19,93,773 *(PF + NPS)*
* **Gold/Precious Metals:** 14% | ≈ ₹14,50,000 *(Gold J","Hit 1 Cr net-worth milestone. Thoughts on asset allocation strategy? Hi everyone,

I am 30(M) married, we have a 2 yr old daughter. I wanted to share a small but exciting milestone that I reached last month: hitting a net worth of approximately **₹1 crore**! It feels great to see the numbers add up after years of consistent saving and investing. Huge thanks to this community for the advice over the years that helped me get here.

While reaching this number is rewarding, it’s also a moment where I feel unsure about what the *next* best move should be. As my net worth continues to grow, I want to ensure my portfolio structure is as robust and efficient as possible.

This is how it looks as of now

* **Equity:** 29% | ≈ ₹29,47,309 *(Stocks, Mutual Funds + Vested US stocks(around 2 Lakh of total around 20 lakh current value, vested in next 3 yrs.))*
* **Real Estate (REITs/Property):** 23% | ≈ ₹24,00,000 *(1000 sqft commercial space(But not converted))*
* **Retirements:** 19% | ≈ ₹19,93,773 *(PF + NPS)*
* **Gold/Precious Metals:** 14% | ≈ ₹14,50,000 *(Gold Jewellary)*
* **Cash Equivalents:** 8% | ≈ ₹8,29,966 *(Emergency fund, short-term liquid funds, Cash)*
* **Physical Assets:** 7% | ≈ ₹7,03,147 *(Vehicle Value - Loan remaining)*

I have below questions. - 

1. **Diversification:** Do I have too much weight in any single category (e.g., are there better alternatives to something here.)
2. **Tax Efficiency:** Are there any structural changes I can make across these asset classes t",51,17,https://reddit.com/r/personalfinanceindia/comments/1tbyv08/hit_1_cr_networth_milestone_thoughts_on_asset/,2026-05-13,hot,85,True,Uncertainty about optimal asset allocation strategy,missing_feature,High-net-worth individuals in India,6,4,common,[],Lack of personalized investment advice,"AI-driven investment portfolio management tool, offering customized asset allocation strategies",Subscription-based model with tiered pricing,high,unsure about next best move,7.5,0.85,4.59
1tbucp6,delhi,Kinda frustrated but idk why this is happening in a place like Delhi!!,"I guys, I am finding it very hard to buy Kingfisher ultra in delhi stores (theka's). I live in vasant kunj, I would appreciate it if someone could tell me where I could get it, 

If possible, any place in vasant vihar, saket, malviya nagar, hauz khas, green park, AIIMS, RK Puram would be really helpful. 

Thank you. ","Kinda frustrated but idk why this is happening in a place like Delhi!! I guys, I am finding it very hard to buy Kingfisher ultra in delhi stores (theka's). I live in vasant kunj, I would appreciate it if someone could tell me where I could get it, 

If possible, any place in vasant vihar, saket, malviya nagar, hauz khas, green park, AIIMS, RK Puram would be really helpful. 

Thank you. ",149,85,https://reddit.com/r/delhi/comments/1tbucp6/kinda_frustrated_but_idk_why_this_is_happening_in/,2026-05-13,hot,319,True,Difficulty finding Kingfisher Ultra in Delhi stores,other,Beer consumers in Delhi,6,4,common,[],Lack of availability of specific beer brand in local stores,"A beer delivery or store locator service, solving the issue of finding specific brands in local stores",Commission-based sales or subscription model,medium,Hard to buy Kingfisher ultra,5.0,3.19,4.55
1t4lu2q,indiehackers,A cold reality is beginning to hit...having built it.,"I posted here a week ago about my project [summree.io](http://summree.io) \- a tool that monitors your YouTube channels and delivers AI summaries to your inbox the moment new videos drop. YouTube without the watching.

Personally I love it, it's solved massive things for me, i had too many channels of really good content I wanted to follow but never enough time to watch them. The summaries land in my inbox and I can catch up, never miss out, and move on.

The cold reality is  I have zero users. None, not even a single free trial user. I didn't build this initially for other people, but as I was building it for myself, i really felt this would help other people too, so I commited to building it our properly. I had some great feedback from my initial post a week ago, quite a lot saying it was cool, they recognise that pain etc, but no one signed up. I didnt go into it expecting them to, but for people to say those things and not sign up even for a trial gets me a bit concerned.

I'm now ","A cold reality is beginning to hit...having built it. I posted here a week ago about my project [summree.io](http://summree.io) \- a tool that monitors your YouTube channels and delivers AI summaries to your inbox the moment new videos drop. YouTube without the watching.

Personally I love it, it's solved massive things for me, i had too many channels of really good content I wanted to follow but never enough time to watch them. The summaries land in my inbox and I can catch up, never miss out, and move on.

The cold reality is  I have zero users. None, not even a single free trial user. I didn't build this initially for other people, but as I was building it for myself, i really felt this would help other people too, so I commited to building it our properly. I had some great feedback from my initial post a week ago, quite a lot saying it was cool, they recognise that pain etc, but no one signed up. I didnt go into it expecting them to, but for people to say those things and not sign up even for a trial gets me a bit concerned.

I'm now where i think I've built something good, but no one sees it, i'm not sure if i'm doing something wrong, or haven't done the right things for long enough, whatever those are...

I've got SEO infrastructure in place, public summary pages are starting to get indexed, topic pages with content, a blog...seo is slow i know, but I'm just feeling a bit lost in all of this now...I know the theory, like find people expressing that pain on reddit and re",13,147,https://reddit.com/r/indiehackers/comments/1t4lu2q/a_cold_reality_is_beginning_to_hithaving_built_it/,2026-05-05,hot,307,True,"Too many YouTube channels to keep up with, not enough time to watch them all.",workflow,YouTube enthusiasts and content creators,6,4,common,[],Automated video summaries and notifications,"AI-powered video summary tool, like summree.io, to help users stay on top of their favorite channels.",Subscription-based model with tiered pricing for individuals and businesses,medium,YouTube without the watching,5.0,3.07,4.52
1tc4n20,bangalore,"""No Meetings Allowed"" in Restaurant? New Trend?","Saw this at Srinidhi Veg HRBR Layout. Is this a peak bengauluru moment?   
I guess they are tired of people sipping a by two filter coffee for two hours while discussing seed round pitch or running a standup meeting :) ","""No Meetings Allowed"" in Restaurant? New Trend? Saw this at Srinidhi Veg HRBR Layout. Is this a peak bengauluru moment?   
I guess they are tired of people sipping a by two filter coffee for two hours while discussing seed round pitch or running a standup meeting :) ",175,42,https://reddit.com/r/bangalore/comments/1tc4n20/no_meetings_allowed_in_restaurant_new_trend/,2026-05-13,hot,259,True,Restaurants are tired of customers occupying tables for long meetings,other,restaurant owners and managers,6,4,common,[],lack of efficient solutions to manage table occupancy,"A table management system to optimize seating and minimize meeting disruptions, or a platform for remote meetings to reduce the need for in-restaurant meetings",subscription-based table management software or commission-based remote meeting platform,medium,tired of people sipping coffee for two hours,5.0,2.59,4.4
1t5elh4,Entrepreneur,I tracked what AI chatbots recommend in my niche for 3 months. it made no sense,"I've been working on a side project for a few months. mostly focused on SEO, getting listed in directories, the usual stuff.



about 3 months ago I randomly started typing product category queries into ChatGPT and Perplexity to see if my product showed up. I hadn't optimized for it or anything, just curious.



it did show up on one platform. but not the others. a competitor with worse SEO was the top recommendation on Perplexity. next week the results completely changed. no pattern at all.



so I started doing this every Monday. same queries across ChatGPT, Gemini, Perplexity, and a few others. wrote down everything. took about an hour each time.



after 3 months I had enough data to realize something: being mentioned, being recommended, and being cited as a source are three very different things. and every platform has its own logic. there's zero correlation with Google rankings.



I ended up building a small tool to automate the checking because doing it by hand was killing me. ","I tracked what AI chatbots recommend in my niche for 3 months. it made no sense I've been working on a side project for a few months. mostly focused on SEO, getting listed in directories, the usual stuff.



about 3 months ago I randomly started typing product category queries into ChatGPT and Perplexity to see if my product showed up. I hadn't optimized for it or anything, just curious.



it did show up on one platform. but not the others. a competitor with worse SEO was the top recommendation on Perplexity. next week the results completely changed. no pattern at all.



so I started doing this every Monday. same queries across ChatGPT, Gemini, Perplexity, and a few others. wrote down everything. took about an hour each time.



after 3 months I had enough data to realize something: being mentioned, being recommended, and being cited as a source are three very different things. and every platform has its own logic. there's zero correlation with Google rankings.



I ended up building a small tool to automate the checking because doing it by hand was killing me. still early, still figuring out if this is a real market or just my own weird problem.



honestly curious if anyone else here has noticed AI search actually sending them traffic they weren't tracking. or is this too niche to matter.",6,59,https://reddit.com/r/Entrepreneur/comments/1t5elh4/i_tracked_what_ai_chatbots_recommend_in_my_niche/,2026-05-06,hot,124,True,AI chatbots provide inconsistent and untrustworthy recommendations,tooling,solo SaaS founders and entrepreneurs,6,4,common,"['ChatGPT', 'Perplexity', 'Gemini']",lack of transparency and consistency in recommendations,"A tool that audits and optimizes AI chatbot recommendations for businesses, providing consistent and trustworthy results",Subscription-based model with tiered pricing for different business sizes,medium,it made no sense,5.0,1.24,4.06
1tcm035,delhi,Today a random slice of watermelon healed a part of my childhood,"As a kid, I was insanely obsessed with watermelons. Especially chilled ones.

Like genuinely obsessed.

I could eat an embarrassing amount of watermelon in one sitting if it was cold enough. After sweets and laddoos, watermelon was probably my greatest love.

Then around 4 years ago I moved out for college and somehow… watermelon quietly disappeared from my life.

Not dramatically. Just hostel circumstances.

Buying one felt impossible because:

* it’s too huge for one person
* my friends treat fruits like a personal attack
* no fridge in hostel
* and warm watermelon tastes emotionally wrong to me

So eventually I just stopped having it.

Today after MONTHS I randomly went to the mess for breakfast because I had pulled an all-nighter and looked half-dead anyway.

And there i saw the love of my life.... MR. WATERMELLON

Perfectly diced watermelon.

Cold. Bright red cubes.

I picked up one piece with my hand, ignored the fork completely, put it in my mouth and

BRO.

That first bite unlo","Today a random slice of watermelon healed a part of my childhood As a kid, I was insanely obsessed with watermelons. Especially chilled ones.

Like genuinely obsessed.

I could eat an embarrassing amount of watermelon in one sitting if it was cold enough. After sweets and laddoos, watermelon was probably my greatest love.

Then around 4 years ago I moved out for college and somehow… watermelon quietly disappeared from my life.

Not dramatically. Just hostel circumstances.

Buying one felt impossible because:

* it’s too huge for one person
* my friends treat fruits like a personal attack
* no fridge in hostel
* and warm watermelon tastes emotionally wrong to me

So eventually I just stopped having it.

Today after MONTHS I randomly went to the mess for breakfast because I had pulled an all-nighter and looked half-dead anyway.

And there i saw the love of my life.... MR. WATERMELLON

Perfectly diced watermelon.

Cold. Bright red cubes.

I picked up one piece with my hand, ignored the fork completely, put it in my mouth and

BRO.

That first bite unlocked something in my soul.

bhai kasam se aatma trapt ho gayi meri. 

It was sweet, cold, refreshing, nostalgic… suddenly I was transported back to childhood summers when life was just cartoons, ceiling fans and giant steel plates full of watermelon.

I genuinely forgot how much I loved it.

Funny how some things don’t leave your life because you stopped loving them. Life just becomes inconvenient enough and they quietly disappear.",77,12,https://reddit.com/r/delhi/comments/1tcm035/today_a_random_slice_of_watermelon_healed_a_part/,2026-05-14,hot,101,True,The user misses eating chilled watermelon due to logistical constraints in their hostel life,other,students living in hostels,8,2,occasional,[],convenient access to chilled watermelon for individuals,"A watermelon delivery or vending service for hostels, providing chilled slices",subscription-based or pay-per-slice model,medium,warm watermelon tastes emotionally wrong,5.0,1.01,4.0
1t7085a,indiehackers,We're back. Contral just dropped as a VS Code extension + relaunched on Product Hunt today.,"some of you might remember us from a couple months ago. two 18 year  
olds from india, no funding, launched an IDE that teaches you while  
AI writes your code. this community gave us the most brutally honest  
feedback we've ever gotten and we actually listened.  
we're relaunching. contral is now available as a VS Code today  
extension so you don't need to download a separate IDE anymore. just  
install it into your existing setup and it works.

what changed since last time:

\- full VS Code extension, no more standalone app

\- adds a teaching layer over any coding agent

\- learn mode now supports more languages

\- build mode teaching layer is significantly faster

\- one and only recursive build agent ever

\- codebase analyzer is cleaner and actually useful now

\- rewrote half the product based on feedback from this sub  


we also just went live on product hunt again. last time we hit #1  
product of the week which honestly opened doors we didn't expect.  
universities starte","We're back. Contral just dropped as a VS Code extension + relaunched on Product Hunt today. some of you might remember us from a couple months ago. two 18 year  
olds from india, no funding, launched an IDE that teaches you while  
AI writes your code. this community gave us the most brutally honest  
feedback we've ever gotten and we actually listened.  
we're relaunching. contral is now available as a VS Code today  
extension so you don't need to download a separate IDE anymore. just  
install it into your existing setup and it works.

what changed since last time:

\- full VS Code extension, no more standalone app

\- adds a teaching layer over any coding agent

\- learn mode now supports more languages

\- build mode teaching layer is significantly faster

\- one and only recursive build agent ever

\- codebase analyzer is cleaner and actually useful now

\- rewrote half the product based on feedback from this sub  


we also just went live on product hunt again. last time we hit #1  
product of the week which honestly opened doors we didn't expect.  
universities started reaching out, a couple VCs slid into our DMs,  
and we're currently in the middle of applications to accelerators  
that could genuinely change our trajectory. another strong PH launch

  
today could be the thing that pushes some of those conversations  
over the line.  
  
link to the product hunt launch and the extension are both in comments.  
if you used the first version and hated something, try t",9,40,https://reddit.com/r/indiehackers/comments/1t7085a/were_back_contral_just_dropped_as_a_vs_code/,2026-05-08,hot,89,True,Developers need a more integrated and teachable coding experience.,integration,Solo developers and indie hackers,6,4,common,['VS Code'],Lack of teaching layer and AI code writing integration,"A VS Code extension that teaches coding while writing code, Contral is a potential solution.",Freemium model with premium features,medium,brutally honest feedback,5.0,0.89,3.97
1t232cn,Entrepreneur,Trying to keep up with business content was starting to feel impossible,"I follow a lot of business content to learn and try and grow my own business more. These are on YouTube and across podcast content, interviews, Diary of a CEO type stuff.

There's just too much of it, new videos drop constantly and I couldn't keep up, and when I did, it was usually at the worst time, like lying in bed at 11pm watching 45min videos, thinking i was being productive when i should have been winding down, sleeping.

I built something to fix it, which wasn't planned, but now whenever a video drops from a channel I follow, I get a structured summary delivered to my by email, with key points, actionable takeaways, notable quotes and also a recommendation if it's actually worth watching in full.

In the first week about 10 videos came through and i didnt watch a single one. The emails coming through were giving me everything i needed, everything i was originally watching the videos for, but without any of the actual watching and time sink. Literally a couple of minutes for each","Trying to keep up with business content was starting to feel impossible I follow a lot of business content to learn and try and grow my own business more. These are on YouTube and across podcast content, interviews, Diary of a CEO type stuff.

There's just too much of it, new videos drop constantly and I couldn't keep up, and when I did, it was usually at the worst time, like lying in bed at 11pm watching 45min videos, thinking i was being productive when i should have been winding down, sleeping.

I built something to fix it, which wasn't planned, but now whenever a video drops from a channel I follow, I get a structured summary delivered to my by email, with key points, actionable takeaways, notable quotes and also a recommendation if it's actually worth watching in full.

In the first week about 10 videos came through and i didnt watch a single one. The emails coming through were giving me everything i needed, everything i was originally watching the videos for, but without any of the actual watching and time sink. Literally a couple of minutes for each one.

It's really felt cathartic, removed a massive weight i was carrying trying to keep up, and fixed the bad sleeping habit that had taken over...

I've realised what's happening is actually because of two problems. Not enough time, and no way to filter what's worth your time before you're already deep into YouTube at 11pm (at least in my case).

I'm building this into a proper product now and even just using it personall",2,40,https://reddit.com/r/Entrepreneur/comments/1t232cn/trying_to_keep_up_with_business_content_was/,2026-05-03,hot,82,True,Overwhelming amount of business content makes it hard to keep up,workflow,Entrepreneurs and small business owners,6,4,common,[],Lack of automated summarization and delivery of key content,"Automated content summarization tool for busy entrepreneurs, delivering key points via email or app",Subscription-based model with tiered pricing for individuals and teams,medium,"Too much content, couldn't keep up",5.0,0.82,3.96
1tcvmoa,delhi,How to beat my meat the right way?,"I'm trying to replicate that authentic Jama Masjid (Karim's/Al Jawahar) Mutton Burrah. I know the char is about the heat, but I'm struggling with the texture.

For those who have nailed it:

1. How much physical pounding do you do to the chops before marinating?

2. Do you use a meat mallet, or is that too aggressive for mutton? I've heard that the secret is all in the manual stimulation of the spices.

3. What's your preferred ""chemical"" tenderizer (Raw papaya vs. Kachri powder) to get that fall-off-the-bone finish without making the meat mushy? I want deep penetration of flavour.

5. Do you prefer to do it alone or collectively for an authentic bonding experience?","How to beat my meat the right way? I'm trying to replicate that authentic Jama Masjid (Karim's/Al Jawahar) Mutton Burrah. I know the char is about the heat, but I'm struggling with the texture.

For those who have nailed it:

1. How much physical pounding do you do to the chops before marinating?

2. Do you use a meat mallet, or is that too aggressive for mutton? I've heard that the secret is all in the manual stimulation of the spices.

3. What's your preferred ""chemical"" tenderizer (Raw papaya vs. Kachri powder) to get that fall-off-the-bone finish without making the meat mushy? I want deep penetration of flavour.

5. Do you prefer to do it alone or collectively for an authentic bonding experience?",5,40,https://reddit.com/r/delhi/comments/1tcvmoa/how_to_beat_my_meat_the_right_way/,2026-05-14,hot,85,True,User struggles to replicate authentic Mutton Burrah texture and flavor,process,Home cooks and food enthusiasts,6,4,occasional,"['meat mallet', 'Raw papaya', 'Kachri powder']",Lack of standardized method for tenderizing mutton,"A guided cooking platform or specialized tenderizing tool for mutton, providing step-by-step instructions and expert advice",Subscription-based access to premium recipes and cooking techniques or sales of specialized kitchen tools,medium,struggling with texture,5.0,0.85,3.96
1tcmve2,AskIndia,"Why does eating alone at a restaurant still feel ""weird"" in India?",,"Why does eating alone at a restaurant still feel ""weird"" in India? ",4,40,https://reddit.com/r/AskIndia/comments/1tcmve2/why_does_eating_alone_at_a_restaurant_still_feel/,2026-05-14,hot,84,True,Eating alone at a restaurant in India still feels weird and uncomfortable for many individuals.,other,"Solo diners in India, particularly young adults and professionals",6,4,common,[],Lack of welcoming and inclusive atmosphere for solo diners in Indian restaurants,"A restaurant finder or review platform that highlights solo-diner friendly establishments, or a social dining app that connects solo eaters with similar interests.",Commission-based bookings or premium listings for partner restaurants,medium,feels weird,5.0,0.84,3.96
